{"current":{"color_text":"#000000","color_body_text":"#000000","color_sale_text":"#9e9e9e","color_button":"#000000","enablePopup":true,"popupImage":"shopify:\/\/shop_images\/982f704d-328d-43fc-a633-81f884414bdd.jpg","imageLink":"shopify:\/\/collections\/all","type_header_font":"montserrat_n7","type_base_font":"libre_franklin_n4","social_facebook_link":"https:\/\/www.facebook.com\/DiamondsMadeForYou\/","social_instagram_link":"https:\/\/www.instagram.com\/diamondsmadeforyou\/","favicon":"shopify:\/\/shop_images\/mfu_4ee3c599-00ec-4be7-bea1-f05ef64ea19b.png","enable_ajax":false,"checkout_logo_image":"shopify:\/\/shop_images\/Group_86313_2x_2f62c767-0c42-4432-b7a6-3cd70f972422.png","checkout_accent_color":"#000000","checkout_button_color":"#000000","sections":{"header":{"type":"header","settings":{"align_logo":"center","logo_max_width":100,"main_linklist":"new-main-menu"}},"feature-row":{"type":"feature-row","settings":{"image":"shopify:\/\/shop_images\/diamonds_6c23ecce-f522-4d1a-89f6-bf5496f6ee5b.png","bgcolor":"#eec4b2","layout":"right","title":"","text":"","button_label":"","button_link":"","html":"<div class=\"img-txt-block1\">\n  <div class=\"text-center\">\n    <svg xmlns=\"http:\/\/www.w3.org\/2000\/svg\" width=\"92\" height=\"92\" viewbox=\"0 0 92 92\"><g transform=\"translate(-273 -2495)\"><rect class=\"a\" width=\"92\" height=\"92\" transform=\"translate(273 2495)\"><\/rect><g transform=\"translate(-43 71.181)\"><g transform=\"matrix(0.879, 0.475, -0.477, 0.88, 365.204, 2419)\"><path d=\"M17.127,4.148C13.406.431,6.122,0,.967,0A.967.967,0,0,0,0,.966C0,6.117.429,13.394,4.151,17.112a9.013,9.013,0,0,0,6.366,2.271,9.653,9.653,0,0,0,6.61-2.273C19.9,14.341,20.408,7.424,17.127,4.148Zm-1.368,11.6c-2.07,2.066-7.817,2.42-10.239,0-3-3-3.525-9.1-3.581-13.807,4.712.056,10.815.576,13.819,3.577C18.182,7.936,17.828,13.68,15.76,15.746Z\" transform=\"matrix(0.996, 0.092, -0.093, 0.996, 7.363, 7.018)\"><\/path><path d=\"M22.53,0c-6.3,0-15.2.524-19.751,5.069-4.01,4-3.388,12.458,0,15.843,1.766,1.762,4.906,2.776,8.076,2.776a11.027,11.027,0,0,0,7.783-2.773c4.546-4.545,5.074-13.439,5.074-19.734A1.182,1.182,0,0,0,22.53,0ZM16.962,19.243c-2.96,2.957-9.986,2.525-12.514,0s-2.96-9.546,0-12.5c3.672-3.669,11.131-4.3,16.89-4.372C21.27,8.124,20.634,15.577,16.962,19.243Z\" transform=\"matrix(0.995, -0.097, 0.098, 0.995, 22.756, 9.416)\"><\/path><path class=\"b\" d=\"M.929,10.207C1.445,7.835,1.981,2.474,0,0\" transform=\"matrix(0.88, -0.475, 0.477, 0.879, 13.637, 14.399)\"><\/path><path class=\"b\" d=\"M0,5.3A12.839,12.839,0,0,1,11.144.044\" transform=\"matrix(0.88, -0.475, 0.477, 0.879, 28.396, 21.49)\"><\/path><\/g><g class=\"c\" transform=\"translate(322 2443.695)\"><ellipse class=\"d\" cx=\"33.153\" cy=\"33.063\" rx=\"33.153\" ry=\"33.063\"><\/ellipse><ellipse class=\"e\" cx=\"33.153\" cy=\"33.063\" rx=\"32.153\" ry=\"32.063\"><\/ellipse><\/g><path d=\"M48.169,12.193,40.43.425A.944.944,0,0,0,39.641,0H8.719a.944.944,0,0,0-.788.423L.18,12.156a.94.94,0,0,0,.054,1.173L4.162,17.8a.943.943,0,0,0,1.42-1.24L3.025,13.65H15.719L22.1,35.369,14.89,27.161a.943.943,0,0,0-1.42,1.24l9.985,11.369a.945.945,0,0,0,1.42,0l15.976-18.2a.943.943,0,0,0-1.42-1.24l-13.2,15.033L32.61,13.65H45.3L39.43,20.335a.943.943,0,0,0,1.42,1.24l7.24-8.246A.939.939,0,0,0,48.169,12.193ZM2.7,11.768l6.02-9.113,5.993,9.113Zm7.769-9.886H22.417l-5.975,9.087Zm13.7.775,5.991,9.111H18.174Zm0,33.051L17.686,13.65H30.643ZM31.9,10.993,25.912,1.882H37.894Zm1.747.775,5.991-9.111,5.991,9.111Z\" transform=\"translate(331.296 2459.824)\"><\/path><path d=\"M11.661,5.344A4.414,4.414,0,0,1,7.246.941a.944.944,0,0,0-1.887,0,4.414,4.414,0,0,1-4.415,4.4.941.941,0,1,0,0,1.882,4.414,4.414,0,0,1,4.415,4.4.944.944,0,0,0,1.887,0,4.414,4.414,0,0,1,4.415-4.4.941.941,0,1,0,0-1.882ZM6.3,8.324A6.343,6.343,0,0,0,4.258,6.285,6.342,6.342,0,0,0,6.3,4.246,6.343,6.343,0,0,0,8.347,6.285,6.343,6.343,0,0,0,6.3,8.324Z\" transform=\"translate(334.471 2477.163)\"><\/path><path d=\"M1.611.276A.944.944,0,0,0,0,.941.944.944,0,1,0,1.611.276Z\" transform=\"translate(367.699 2483.017)\"><\/path><\/g><\/g><\/svg>\n    <h4>DIAMONDS *WITHOUT* COMPROMISE<\/h4>\n    <p>#MFYDiamonds are sustainably lab grown, eleminating the detrimental effects of mining while saving water, reducing waste and eliminating emissions.<\/p>\n  <\/div>\n<\/div>\n\n<style>\n  .home-text-img .img-txt-block1 h4{\n    font-size: 24px;\n    line-height: 29px;\n    letter-spacing: 0px;\n    color: #000000;\n  }\n  .home-text-img .img-txt-block1 p{\n    font-size: 14px;\n    font-weight: 500;\n    line-height: 24px;\n    color: #000000;\n    text-transform: uppercase;\n    letter-spacing: 0px;\n  }\n  .home-text-img .img-txt-block1 .btn{\n    background-color: #000000;\n    color: #eec4b2;\n  }\n  .img-txt-block1 svg .a{fill:#fff;opacity:0;}.img-txt-block1 svg .b,.img-txt-block1 svg .e{fill:none;}.img-txt-block1 svg .b,.img-txt-block1 svg .c{stroke:#000;stroke-width:2px;}.img-txt-block1 svg .b{stroke-linecap:round;}.img-txt-block1 svg .c{fill:#eec4b2;}.img-txt-block1 svg .d{stroke:none;}\n  @media(min-width:1240px){\n    .home-text-img .img-txt-block1 h4{\n      max-width: 200px;\n      margin: 0 auto 10px;\n    }\n  }\n  @media(min-width:1025px){\n    .home-text-img .img-txt-block1 {\n      padding: 0 40px;\n    }\n  }\n  @media(max-width:767px){\n    .home-text-img .img-txt-block1 h4{\n      font-size: 22px;\n      line-height: 27px;\n    }\n  }\n  @media(max-width:1023px) and (min-width:768px){\n    .img-txt-block1 svg{\n      width: 60px;\n      height: 60px;\n    }\n    .home-text-img .img-txt-block1 h4 {\n      font-size: 20px;\n      margin-bottom: 4px;\n    }\n    .home-text-img .img-txt-block1 p {\n      font-size: 11px;\n      line-height: 20px;\n      margin-bottom: 10px;\n    }\n  }\n<\/style>"}},"feature-columns":{"type":"feature-columns","blocks":{"feature-columns-0":{"type":"text_block","settings":{"enable_image":true,"title":"Add a title or tagline","text":"<p>Share blog posts, products, or promotions with your customers. Use this text to describe products, share details on availability and style, or as a space to display recent reviews or FAQs.<\/p>","button_label":""}},"feature-columns-1":{"type":"text_block","settings":{"enable_image":true,"title":"Add a title or tagline","text":"<p>Share blog posts, products, or promotions with your customers. Use this text to describe products, share details on availability and style, or as a space to display recent reviews or FAQs.<\/p>","button_label":""}},"feature-columns-2":{"type":"text_block","settings":{"enable_image":true,"title":"Add a title or tagline","text":"<p>Share blog posts, products, or promotions with your customers. Use this text to describe products, share details on availability and style, or as a space to display recent reviews or FAQs.<\/p>","button_label":""}}},"block_order":["feature-columns-0","feature-columns-1","feature-columns-2"],"settings":{"title":"","align_text":"left"}},"collection":{"type":"collection","settings":{"title":"Sustainable New Arrivals","collection":"new-arrivals","grid":4,"rows":1,"show_vendor":true,"show_view_all":true,"view_all_txt":"SHOP ALL"}},"quotes":{"type":"quotes","blocks":{"quotes-0":{"type":"quote","settings":{"quote":"<p>Add customer reviews and testimonials to showcase your store’s happy customers.<\/p>","author":"Author's name"}},"quotes-1":{"type":"quote","settings":{"quote":"<p>Add customer reviews and testimonials to showcase your store’s happy customers.<\/p>","author":"Author's name"}},"quotes-2":{"type":"quote","settings":{"quote":"<p>Add customer reviews and testimonials to showcase your store’s happy customers.<\/p>","author":"Author's name"}}},"block_order":["quotes-0","quotes-1","quotes-2"],"settings":{"title":""}},"image-bar":{"type":"image-bar","blocks":{"image-bar-0":{"type":"image","settings":{"alignment":"center","cta_label":""}},"image-bar-1":{"type":"image","settings":{"alignment":"center","cta_label":""}},"image-bar-2":{"type":"image","settings":{"alignment":"center","cta_label":""}}},"block_order":["image-bar-0","image-bar-1","image-bar-2"],"settings":{"section_height":"medium"}},"footer":{"type":"footer","blocks":{"aac48ef7-da4d-40fe-a499-32053f05fe47":{"type":"link_list","settings":{"title":"Our Products","menu":"help"}},"43f41b3a-5ee9-47c2-8ee6-612435c5fb33":{"type":"link_list","settings":{"title":"Our collection","menu":"about"}},"footer-0":{"type":"link_list","settings":{"title":"#MFYDIAMONDS","menu":"company"}},"footer-1":{"type":"newsletter","settings":{"title":"CONNECT"}}},"block_order":["aac48ef7-da4d-40fe-a499-32053f05fe47","43f41b3a-5ee9-47c2-8ee6-612435c5fb33","footer-0","footer-1"],"settings":{"show_payment_icons":true,"color_footer_bg":"#000000","color_footer_text":"#ffffff","show_locale_selector":false,"show_currency_selector":false}},"1615978307c89ddff0":{"type":"collection","settings":{"title":"Best Sellers","collection":"diamond-jewelry-best-sellers","grid":4,"rows":1,"show_vendor":true,"show_view_all":true,"view_all_txt":"SHOP ALL"}},"1615978458d7b81361":{"type":"feature-row","settings":{"image":"shopify:\/\/shop_images\/Rectangle_22_2x_0bf18481-f936-4956-9040-8de7654c1c00.png","bgcolor":"#eec4b2","layout":"left","title":"","text":"","button_label":"","button_link":"","html":"<div class=\"img-txt-block2\">\n  <div class=\"text-left\">\n    <h4 class=\"small--text-center\">#MFYDIAMONDS<\/h4>\n    <div class=\"img_grid\">\n      <div class=\"grid\">\n        <div class=\"grid__item small--one-whole small--text-center medium-up--one-fifth\">\n          <svg xmlns=\"http:\/\/www.w3.org\/2000\/svg\" width=\"67\" height=\"67\" viewbox=\"0 0 67 67\"><g transform=\"translate(-768 -3104)\"><rect class=\"a\" width=\"67\" height=\"67\" transform=\"translate(768 3104)\"><\/rect><g transform=\"translate(771 3107)\"><g transform=\"translate(43.732 47.631) rotate(180)\"><path d=\"M17.276,32.286c-1.014,1.183-1.927,2.231-2.637,3.11-.034.068-.1.1-.135.135a.863.863,0,0,1-1.217-.135c-.71-.879-1.623-1.927-2.637-3.11C6.187,27.113,0,19.946,0,13.962A13.9,13.9,0,0,1,4.091,4.091,14.04,14.04,0,0,1,13.962,0,13.966,13.966,0,0,1,27.925,13.962C27.925,19.946,21.738,27.113,17.276,32.286ZM22.617,5.342A12.221,12.221,0,0,0,1.724,13.962c0,5.342,5.95,12.238,10.244,17.208.71.845,1.386,1.623,1.995,2.367.609-.744,1.285-1.521,1.995-2.333C20.251,26.234,26.2,19.372,26.2,14A12.3,12.3,0,0,0,22.617,5.342Z\"><\/path><g transform=\"translate(4.8 4.463)\"><path d=\"M9.229,1.69A7.5,7.5,0,0,0,1.69,9.229a.837.837,0,0,1-.845.845A.837.837,0,0,1,0,9.229,9.335,9.335,0,0,1,2.7,2.671,9.248,9.248,0,0,1,9.229,0a.837.837,0,0,1,.845.845A.837.837,0,0,1,9.229,1.69Z\"><\/path><\/g><\/g><g class=\"b\" transform=\"translate(60.2 60.2) rotate(180)\"><circle class=\"c\" cx=\"30.1\" cy=\"30.1\" r=\"30.1\"><\/circle><circle class=\"d\" cx=\"30.1\" cy=\"30.1\" r=\"29.1\"><\/circle><\/g><\/g><\/g><\/svg>\n        <\/div>\n        <div class=\"grid__item small--one-whole small--text-center medium-up--four-fifths\">\n          <div>\n            <h6>SAVE WATER<\/h6>\n            <p>Save 9 gallons of water*<\/p>\n          <\/div>\n        <\/div>\n      <\/div>\n      <div class=\"grid\">\n        <div class=\"grid__item small--one-whole small--text-center medium-up--one-fifth\">\n          <svg xmlns=\"http:\/\/www.w3.org\/2000\/svg\" width=\"67\" height=\"67\" viewbox=\"0 0 67 67\"><g transform=\"translate(-768 -3185)\"><rect class=\"a\" width=\"67\" height=\"67\" transform=\"translate(768 3185)\"><\/rect><g transform=\"translate(771 3188)\"><g class=\"b\" transform=\"translate(60.2 60.2) rotate(180)\"><circle class=\"c\" cx=\"30.1\" cy=\"30.1\" r=\"30.1\"><\/circle><circle class=\"d\" cx=\"30.1\" cy=\"30.1\" r=\"29.1\"><\/circle><\/g><\/g><g transform=\"translate(816.32 3234.302) rotate(180)\"><path d=\"M21.362,0H3.446A3.41,3.41,0,0,0,0,3.365V22.207a.681.681,0,0,0,.689.673H24.119a.681.681,0,0,0,.689-.673V3.365A3.41,3.41,0,0,0,21.362,0ZM1.378,21.535V3.365A2.046,2.046,0,0,1,3.446,1.346H21.362a2.046,2.046,0,0,1,2.067,2.019v18.17Z\" transform=\"translate(2.756)\"><\/path><path d=\"M29.631,0H.689A.681.681,0,0,0,0,.673V3.365A3.41,3.41,0,0,0,3.446,6.73H26.875A3.41,3.41,0,0,0,30.32,3.365V.673A.681.681,0,0,0,29.631,0ZM1.378,1.346H28.942V3.365a2.046,2.046,0,0,1-2.067,2.019H3.446A2.046,2.046,0,0,1,1.378,3.365Z\" transform=\"translate(0 21.534)\"><\/path><path d=\"M10.337,0H.689A.681.681,0,0,0,0,.673V3.365A2.046,2.046,0,0,0,2.067,5.384H8.958a2.046,2.046,0,0,0,2.067-2.019V.673A.681.681,0,0,0,10.337,0ZM1.378,1.346H9.647V3.365a.682.682,0,0,1-.689.673H2.067a.682.682,0,0,1-.689-.673Z\" transform=\"translate(9.647 26.918)\"><\/path><path d=\"M.689,0A.681.681,0,0,0,0,.673V11.44a.681.681,0,0,0,.689.673.681.681,0,0,0,.689-.673V.673A.681.681,0,0,0,.689,0Z\" transform=\"translate(8.269 5.384)\"><\/path><path d=\"M.689,0A.681.681,0,0,0,0,.673V11.44a.681.681,0,0,0,.689.673.681.681,0,0,0,.689-.673V.673A.681.681,0,0,0,.689,0Z\" transform=\"translate(14.471 5.384)\"><\/path><path d=\"M.689,0A.681.681,0,0,0,0,.673V11.44a.681.681,0,0,0,.689.673.681.681,0,0,0,.689-.673V.673A.681.681,0,0,0,.689,0Z\" transform=\"translate(20.673 5.384)\"><\/path><\/g><\/g><\/svg>\n        <\/div>\n        <div class=\"grid__item small--one-whole small--text-center medium-up--four-fifths\">\n          <div>\n            <h6>REDUCE WASTE<\/h6>\n            <p>Save 1056 pounds of mineral waste*<\/p>\n          <\/div>\n        <\/div>\n      <\/div>\n      <div class=\"grid\">\n        <div class=\"grid__item small--one-whole small--text-center medium-up--one-fifth\">\n          <svg xmlns=\"http:\/\/www.w3.org\/2000\/svg\" width=\"67\" height=\"67\" viewbox=\"0 0 67 67\"><g transform=\"translate(-768 -3266)\"><rect class=\"a\" width=\"67\" height=\"67\" transform=\"translate(768 3266)\"><\/rect><g transform=\"translate(771 3269)\"><g transform=\"translate(47.631 38.912) rotate(180)\"><path d=\"M29.374,0H6.349A6.344,6.344,0,0,0,1.881,1.832a6.2,6.2,0,0,0,0,8.894A6.351,6.351,0,0,0,5.3,12.473q0,.042,0,.086a8.382,8.382,0,0,0,8.373,8.373,8.287,8.287,0,0,0,4.758-1.491,8.386,8.386,0,0,0,2.413-2.585,6.278,6.278,0,0,0,9.5-4.371,6.349,6.349,0,0,0,3.5-1.759,6.2,6.2,0,0,0,0-8.894A6.344,6.344,0,0,0,29.374,0ZM6.349,10.466A4.226,4.226,0,0,1,2.093,6.279,4.226,4.226,0,0,1,6.349,2.093H29.374A4.226,4.226,0,0,1,33.63,6.279a4.226,4.226,0,0,1-4.256,4.186H28.327v1.047A4.182,4.182,0,0,1,21.211,14.5L20.084,13.39l-.58,1.469A6.271,6.271,0,0,1,7.4,12.559a5.668,5.668,0,0,1,.08-.794l.187-1.3Z\"><\/path><\/g><g class=\"b\" transform=\"translate(60.2 60.2) rotate(180)\"><circle class=\"c\" cx=\"30.1\" cy=\"30.1\" r=\"30.1\"><\/circle><circle class=\"d\" cx=\"30.1\" cy=\"30.1\" r=\"29.1\"><\/circle><\/g><\/g><\/g><\/svg>\n        <\/div>\n        <div class=\"grid__item small--one-whole small--text-center medium-up--four-fifths\">\n          <div>\n            <h6>ELIMINATE EMISSIONS<\/h6>\n            <p>Avoid 11400 grams of carbon emissions*<\/p>\n          <\/div>\n        <\/div>\n      <\/div>\n      <div class=\"grid\">\n        <div class=\"grid__item small--one-whole small--text-center medium-up--one-fifth\">\n          <svg xmlns=\"http:\/\/www.w3.org\/2000\/svg\" width=\"67\" height=\"67\" viewbox=\"0 0 67 67\"><g transform=\"translate(-768 -3350)\"><rect class=\"a\" width=\"67\" height=\"67\" transform=\"translate(768 3350)\"><\/rect><g transform=\"translate(771 3353)\"><g class=\"b\" transform=\"translate(60.2 60.2) rotate(180)\"><circle class=\"c\" cx=\"30.1\" cy=\"30.1\" r=\"30.1\"><\/circle><circle class=\"d\" cx=\"30.1\" cy=\"30.1\" r=\"29.1\"><\/circle><\/g><g transform=\"translate(15.649 13.488)\"><path d=\"M23.263,24.765a8.712,8.712,0,0,1-2.78,5.176,9.178,9.178,0,0,1-12.291,0,8.713,8.713,0,0,1-2.78-5.176A8.825,8.825,0,0,1,0,16.691,8.925,8.925,0,0,1,9.019,7.883a9.182,9.182,0,0,1,4.349,1.092V0h1.938V8.975a9.182,9.182,0,0,1,4.349-1.092,8.925,8.925,0,0,1,9.019,8.808A8.825,8.825,0,0,1,23.263,24.765ZM19.655,9.776a7.182,7.182,0,0,0-4.349,1.459v5.788l4.346,2.232-.9,1.675-3.444-1.769v3.726H13.368V14.966L9.924,16.735l-.9-1.675,4.346-2.232V11.235A7.182,7.182,0,0,0,9.019,9.776,6.9,6.9,0,0,0,6.637,23.2l.593.207.047.613a6.826,6.826,0,0,0,2.236,4.532,7.206,7.206,0,0,0,9.649,0A6.826,6.826,0,0,0,21.4,24.024l.047-.613.593-.207A6.9,6.9,0,0,0,19.655,9.776Z\" transform=\"translate(28.674 32.302) rotate(180)\"><\/path><\/g><\/g><\/g><\/svg>\n        <\/div>\n        <div class=\"grid__item small--one-whole small--text-center medium-up--four-fifths\">\n          <div>\n            <h6>One Tree Planted<\/h6>\n            <p>Through our partnership with ONE TREE PLANTED, your puchase plants a new tree.<\/p>\n          <\/div>\n        <\/div>\n      <\/div>\n    <\/div>\n    <p class=\"text-center disclaimer\">* Based on 1ct MFY Lab Diamond vs Mined Diamond<\/p>\n  <\/div>\n<\/div>\n<style>\n  .img-txt-block2 h4{\n    font-size: 24px;\n    line-height: 29px;\n    letter-spacing: 0px;\n    color: #000000;\n  }\n  .img-txt-block2 .img_grid h6{\n    font-size: 16px;\n    line-height: 15px;\n    letter-spacing: 0px;\n    color: #000000;\n    text-transform: uppercase;\n    margin-bottom: 4px;\n  }\n  .img-txt-block2 .img_grid p{\n    font-size: 12px;\n    font-weight: 500;\n    line-height: 19px;\n    letter-spacing: 0px;\n    color: #000000;\n    text-transform: uppercase;\n  }\n  .img-txt-block2 .disclaimer{\n    font-size: 12px;\n    font-weight: 500;\n    line-height: 20px;\n    letter-spacing: 0px;\n    color: #000000;\n    text-transform: uppercase;\n    margin-top: 20px;\n  }\n  .img-txt-block2 svg .a{fill:#fff;opacity:0;}.img-txt-block2 svg .b,.img-txt-block2 svg .d{fill:none;}.img-txt-block2 svg .b{stroke:#000;stroke-width:2px;}.img-txt-block2 svg .c{stroke:none;}\n  @media(max-width:767px){\n    .img-txt-block2 .img_grid p {\n      margin-bottom: 14px;\n    }\n  }\n  @media(min-width:768px){\n    .img-txt-block2 .img_grid .grid{\n      display: flex;\n      align-items: center;\n    }\n  }\n  @media(max-width:1023px) and (min-width:768px){\n    .img-txt-block2 h4 {\n      font-size: 20px;\n      line-height: 25px;\n      margin-bottom: 8px;\n    }\n    .img-txt-block2 .img_grid svg{\n      width: 42px;\n      height: 42px;\n    }\n    .img-txt-block2 .img_grid h6 {\n      font-size: 14px;\n    }\n    .img-txt-block2 .img_grid p {\n      font-size: 10px;\n    }\n    .img-txt-block2 .disclaimer {\n      font-size: 10px;\n      margin-top: 6px;\n    }\n  }\n<\/style>"}},"16159802754ea87142":{"type":"instagram-feed","settings":{"title":"#MFYGIRL - SHOP THE LOOK","sub_title":"FOLLOW US ON INSTAGRAM @diamondsmadeforyou"}},"announcement-header":{"type":"announcement-header","blocks":{"fd437e83-6d80-4cd9-b86e-25d69cd5ca2b":{"type":"text_block","settings":{"text":"Use code <b>MFY10<\/b> for 10% OFF on first order","link":""}},"825fb8d4-d700-4d30-8ceb-a09920d0aa81":{"type":"text_block","settings":{"text":"Free Shipping & 60 Days Free Returns","link":""}}},"block_order":["fd437e83-6d80-4cd9-b86e-25d69cd5ca2b","825fb8d4-d700-4d30-8ceb-a09920d0aa81"],"settings":{"message":true,"home_page_only":false,"color_bg":"#eec4b2","color_text":"#000000"}},"1616058964f3a28e14":{"type":"banner-slider","blocks":{"b0b1074d-d558-4017-af42-515fdb9a0aa0":{"type":"banner-content","settings":{"enable_banner":true,"banner_large":"shopify:\/\/shop_images\/Group_86410.png","banner_small":"shopify:\/\/shop_images\/Mask_Group_680_1.png","horizontal_alignment":"left","text_align":"left","bg_color":"#d4d2c9","color":"#000000","max-width":"400","title":"MFY X ANIKA","text_with_title":"100% RECYCLED","subtitle":"An explorer by heart and an environmentalist by choice, <b>Anika<\/b> is an up and coming jewelry designer who passionately and beautifully expresses herself using her designs. Having travelled and grown almost all over the world, Anika has an unmatched obsession for Earth and uses the jewelry that she designs aims to spark conversations that matter.","button_label":"Shop Now","button_url":"shopify:\/\/collections\/shop-black-friday-25-off-anika-jewelry-collection"}}},"block_order":["b0b1074d-d558-4017-af42-515fdb9a0aa0"],"settings":{}},"list-collections-template":{"type":"list-collections-template","settings":{"display_type":"all","sort":"alphabetical","grid":3}},"collection-template":{"type":"collection-template","settings":{"layout":"grid","grid":3,"rows":2,"show_collection_image":true,"show_vendor":true,"sort_enable":true,"tags_enable":true}},"1616134727d55e8773":{"type":"gifting-image-section","disabled":true,"settings":{"heading":"THE *PERFECT* GIFT","sub_title":"UPGRADE ANY GIFT WITH DELUXE GIFT WRAP.","view_all_txt":"Learn more","view_all_link":"shopify:\/\/collections\/10k","image":"shopify:\/\/shop_images\/image_52.png","layout":"right","image_inside":"shopify:\/\/shop_images\/Group_86400_2x_fc338a0c-3929-4781-890d-557f4c35f094.png","title":"A GIFT FOR YOU","text":"<p>GET A PAIR OF #MFYDIAMOND STUDS WITH PURCHASE OVER $1,000<\/p>","button_label":"LEARN MORE","button_link":"shopify:\/\/products\/ring-of-light-diamond-earrings-in-10kt-gold-with-1-2-cttw"}},"1616407281a5c69b29":{"type":"banner-slider-full__width","blocks":{"7a82742c-4e36-4235-a8d4-aa44a2a1656b":{"type":"banner-content","settings":{"enable_banner":true,"banner_large":"shopify:\/\/shop_images\/banner_1280_1.jpg","banner_small":"shopify:\/\/shop_images\/Mobile_banner_1_b1ac1e6a-2f8c-402f-b4a1-934142a57f32.jpg","horizontal_alignment":"right","text_align":"left","bg_color":"rgba(0,0,0,0)","color":"rgba(0,0,0,0)","max-width":"","text_with_title":"","title":"","subtitle":"","button_label":"","button_url":"shopify:\/\/collections\/all"}},"e28bac29-51bd-4170-83f3-ce2ad924d9af":{"type":"banner-content","settings":{"enable_banner":true,"banner_large":"shopify:\/\/shop_images\/Desktop_Main_Banner.jpg","banner_small":"shopify:\/\/shop_images\/Mobile_Main_Banner.jpg","horizontal_alignment":"left","text_align":"left","bg_color":"","color":"","max-width":"","text_with_title":"","title":"","subtitle":"","button_label":"","button_url":"shopify:\/\/collections\/made-for-you"}},"39e772f1-df16-4704-8486-8728ff95a93d":{"type":"banner-content","settings":{"enable_banner":true,"banner_large":"shopify:\/\/shop_images\/Desktop_Banner_2x_a654ea6c-720c-45fd-9e9e-7749d5bc6015.jpg","banner_small":"shopify:\/\/shop_images\/Mobile_Banner_3x_7e746e9b-08d4-44ff-becc-7b68672ebebe.jpg","horizontal_alignment":"left","text_align":"left","bg_color":"","color":"","max-width":"","text_with_title":"","title":"","subtitle":"","button_label":"","button_url":"shopify:\/\/collections\/all"}}},"block_order":["7a82742c-4e36-4235-a8d4-aa44a2a1656b","e28bac29-51bd-4170-83f3-ce2ad924d9af","39e772f1-df16-4704-8486-8728ff95a93d"],"settings":{}},"mm-collection-template":{"type":"mm-collection-template","blocks":{"4bb5d337-fbde-4e68-9fa5-03071c5e25c4":{"type":"tag_filters","settings":{"filter_name":"Metal","filter_tags":"White Gold, Yellow Gold, Rose Gold"}},"a3f82345-be63-4c57-be82-5d13330ac3e0":{"type":"banner-content","settings":{"coll_name":"Anikas","banner-coll-desk":"shopify:\/\/shop_images\/Mask_Group_692.png","banner-coll-mob":"shopify:\/\/shop_images\/Mask_Group_703.png"}},"c3652694-ded1-42f1-92c9-b929ac3dee4b":{"type":"banner-content","settings":{"coll_name":"Rings","banner-coll-desk":"shopify:\/\/shop_images\/Mask_Group_687.png","banner-coll-mob":"shopify:\/\/shop_images\/Mask_Group_696.png"}},"dcc36fff-be64-4613-9ea9-58ecc4d81ea1":{"type":"banner-content","settings":{"coll_name":"Necklaces","banner-coll-desk":"shopify:\/\/shop_images\/Mask_Group_690.png","banner-coll-mob":"shopify:\/\/shop_images\/Mask_Group_702.png"}},"081a8c49-1367-475d-80fe-871d66791173":{"type":"banner-content","settings":{"coll_name":"Earrings","banner-coll-desk":"shopify:\/\/shop_images\/Mask_Group_688.png","banner-coll-mob":"shopify:\/\/shop_images\/Mask_Group_694.png"}},"4d4565e5-9d48-446a-884c-24edeca818a5":{"type":"banner-content","settings":{"coll_name":"Bracelets","banner-coll-desk":"shopify:\/\/shop_images\/Mask_Group_686.png","banner-coll-mob":"shopify:\/\/shop_images\/Mask_Group_697.png"}}},"block_order":["4bb5d337-fbde-4e68-9fa5-03071c5e25c4","a3f82345-be63-4c57-be82-5d13330ac3e0","c3652694-ded1-42f1-92c9-b929ac3dee4b","dcc36fff-be64-4613-9ea9-58ecc4d81ea1","081a8c49-1367-475d-80fe-871d66791173","4d4565e5-9d48-446a-884c-24edeca818a5"],"settings":{"show_collection_banner":true,"desktop-banner":"shopify:\/\/shop_images\/Mask_Group_687.png","mobile-banner":"shopify:\/\/shop_images\/Mask_Group_696.png","show_collection_title":true,"show_collection_description":false,"show_collection_breadcrumb":true,"show_product_vendor":true,"show_sale_badge":true,"sale_badge_text":"Sale","show_soldout_badge":true,"soldout_badge_text":"Out of Stock","empty_collection_text":"We are sorry, no products match your filter selections. Please adjust them further.","pagination_type":"infinite_scroll","pagination_limit":18,"show_filter_heading":true,"enable_sticky_sidebar":false,"sidebar_filter_heading":"Filter By","mobile_sidebar_style":"from_side","enable_collection_sorting":true,"show_product_count":true,"enable_brand_filter":true,"enable_brand_filter_search":false,"brand_filter_heading":"Brand","enable_pt_filter":true,"enable_pt_filter_search":false,"pt_filter_heading":"Product Type","enable_price_filter":true,"price_filter_heading":"Price","price_ranges":"0-100,100-300,300-500,500-750,750-1000,1000-1500,1500-5000,5000-7500,7500-10000","price_range_slider":false,"enable_size_filter":true,"enable_size_filter_swatch":true,"size_filter_heading":"Size","enable_color_filter":true,"enable_color_filter_swatch":true,"color_filter_heading":"Color","enable_tag_filter":true,"enable_multilevel_filter":true,"zales-text":"","button-label":"VIEW"}},"product-template":{"type":"product-template","settings":{"show_quantity_selector":false,"show_vendor":false,"enable_payment_button":true,"show_share_buttons":true,"media_size":"medium","enable_image_zoom":false,"enable_video_looping":false}},"product-recommendations":{"type":"product-recommendations","settings":{"show_product_recommendations":false,"heading":"YOU MIGHT ALSO LOVE","subheading":"Recommended products that go along with your","show_vendor":true}},"pdp-value-section":{"type":"pdp-value-section","settings":{}},"anika-banner":{"type":"anika-banner","blocks":{"e00c4a0e-e8d3-4e9f-a240-c191aff7c1f8":{"type":"banner-content","settings":{"enable_banner":true,"banner_large":"shopify:\/\/shop_images\/banner_desk.png","banner_small":"shopify:\/\/shop_images\/banner_mob.png","horizontal_alignment":"left","text_align":"left","bg_color":"#f6f9f9","color":"#000000","max-width":"","title":"MFY X ANIKA","text_with_title":"100% RECYCLED","subtitle":"An explorer by heart and an environmentalist by choice, <b>Anika<\/b> is an up and coming jewelry designer who passionately and beautifully expresses herself using her designs. She believes that awareness and education is the most important and the first step towards a future where our ecosystem is truly protected.","button_label":"Shop All","button_url":"shopify:\/\/collections\/shop-black-friday-25-off-anika-jewelry-collection"}}},"block_order":["e00c4a0e-e8d3-4e9f-a240-c191aff7c1f8"],"settings":{}},"anika-collection":{"type":"anika-collection","blocks":{"ec4f21da-71ac-47db-8d94-4b74294087f9":{"type":"featured_collection","settings":{"collection":"mfy-x-anika-lab-grown-diamond-rings","image_colle":"shopify:\/\/shop_images\/rings_21eb6109-e7b1-44f9-999a-78a4b864b1e1.png","btn_name":"Rings"}},"14a6a05e-99c6-4564-a054-a6b4886594b7":{"type":"featured_collection","settings":{"collection":"mfy-x-anika-lab-grown-diamond-necklaces-pendants","image_colle":"shopify:\/\/shop_images\/necklace_9173a43a-93a3-4309-accc-c8eeff1dc1ec.png","btn_name":"Necklaces"}},"cfe6f1ba-e1bb-4f46-b8a6-cc6145f41b49":{"type":"featured_collection","settings":{"collection":"mfy-x-anika-lab-grown-diamond-earrings","image_colle":"shopify:\/\/shop_images\/earrings_c4d0be22-e9c7-4125-9eac-521b3f9ec5c7.png","btn_name":"Earrings"}},"da736bbc-a516-4cdb-9a14-8e05fd5f7ba3":{"type":"featured_collection","settings":{"collection":"mfy-x-anika-lab-grown-diamond-bracelets","image_colle":"shopify:\/\/shop_images\/bracelets.png","btn_name":"Bracelets"}}},"block_order":["ec4f21da-71ac-47db-8d94-4b74294087f9","14a6a05e-99c6-4564-a054-a6b4886594b7","cfe6f1ba-e1bb-4f46-b8a6-cc6145f41b49","da736bbc-a516-4cdb-9a14-8e05fd5f7ba3"],"settings":{"title":"Sustainable Jewelry Inspired by Nature","subtitle":"Having travelled and grown almost all over the world, <b>Anika<\/b> has an obsession for Earth which comes to life with the jewelry that she designs like her collection inspired by seeds.","grid":4}},"anika-feature-row":{"type":"anika-feature-row","settings":{"image":"shopify:\/\/shop_images\/mfu_anika_page.png","bgcolor":"#f6f9f9","layout":"right","title":"","text":"","button_label":"","html":"<div class=\"img-txt-block2\">\n  <div class=\"text-center\">\n    <div class=\"img-grid\">\n      <div class=\"itms-grid text-center one-half\">\n        <div>\n          <svg xmlns=\"http:\/\/www.w3.org\/2000\/svg\" class=\"recycled-materials\" width=\"69\" height=\"69\" viewbox=\"0 0 69 69\"><defs><style>.recycled-materials .a{fill:#fff;opacity:0;}.recycled-materials .b,.recycled-materials .e{fill:none;}.recycled-materials .b,.recycled-materials .c{stroke:#000;stroke-width: 2px;}.recycled-materials.b{stroke-width:2px;}.recycled-materials .c{stroke-width:0.4px;}.recycled-materials .d{stroke:none;}<\/style><\/defs><g transform=\"translate(-118 -1548)\"><rect class=\"a\" width=\"69\" height=\"69\" transform=\"translate(118 1548)\"><\/rect><g transform=\"translate(-6 5.1)\"><g class=\"b\" transform=\"translate(188.2 1607) rotate(180)\"><circle class=\"d\" cx=\"30.1\" cy=\"30.1\" r=\"30.1\"><\/circle><circle class=\"e\" cx=\"30.1\" cy=\"30.1\" r=\"29.1\"><\/circle><\/g><g transform=\"translate(141.588 1559.039)\"><path class=\"c\" d=\"M210.409,940.74c-.322-1.013-.6-2.039-.824-3.078q-.152-.717-.267-1.441c-.018-.114-.035-.226-.051-.34-.008-.056-.016-.113-.023-.168.018.137,0-.04-.01-.083-.029-.226-.054-.453-.076-.68a20.879,20.879,0,0,1-.094-2.566q.017-.6.071-1.193.026-.28.061-.558c.008-.068.016-.146,0-.024,0-.045.013-.09.019-.137.015-.1.03-.2.047-.3a15.6,15.6,0,0,1,.487-2.083q.151-.49.335-.969c.03-.076.059-.151.09-.227.015-.038.03-.075.046-.113.044-.108-.048.111.008-.021.066-.151.132-.3.2-.451a14.485,14.485,0,0,1,.93-1.678c.165-.257.34-.509.521-.755l.134-.179.034-.044c.052-.069-.033.044-.036.046a.71.71,0,0,0,.086-.109q.137-.173.279-.343a16.935,16.935,0,0,1,2.544-2.436c.06-.047-.115.088-.009.007l.082-.063.175-.131q.17-.126.343-.247.342-.241.694-.466.684-.439,1.4-.824.681-.367,1.387-.688l.331-.148.163-.071.081-.035c.117-.05-.116.049-.02.008q.328-.137.66-.266c.781-.3,1.578-.567,2.384-.793.58-.163,1.165-.307,1.755-.427.284-.057.569-.109.856-.152.1-.016-.112.015-.109.015a.569.569,0,0,0,.554-.554v-4.343l-.945.391,1.076,1,2.569,2.4,3.107,2.9,2.7,2.516c.433.4.851.839,1.306,1.219l.018.018v-.784l-1.074,1.128-2.578,2.708-3.1,3.262-2.694,2.83c-.433.455-.9.895-1.305,1.371l-.018.019.945.392v-8.509a.56.56,0,0,0-.945-.391l-1.1,1.1-2.625,2.625L217.81,931l-2.756,2.756c-.445.445-.9.88-1.337,1.337l-.018.018a.565.565,0,0,0,0,.784l1.016,1.073,2.426,2.562,2.946,3.112,2.538,2.681c.412.435.809.895,1.241,1.31a.17.17,0,0,1,.018.018.559.559,0,0,0,.945-.391q0-1.9,0-3.795c0-.183,0-.366,0-.548l-.554.554c.216-.028.432-.062.646-.1.457-.083.911-.183,1.362-.3q1-.249,1.983-.58a26.2,26.2,0,0,0,2.5-.989,21.6,21.6,0,0,0,2.556-1.374,18.893,18.893,0,0,0,2.584-1.949,15.955,15.955,0,0,0,2.271-2.545,14.692,14.692,0,0,0,1.72-3.193,15.761,15.761,0,0,0,.954-3.934,19.6,19.6,0,0,0-.037-4.617q-.082-.681-.2-1.358a.556.556,0,0,0-.681-.387.569.569,0,0,0-.387.681q.054.317.1.635c.007.054.016.108.023.162a.27.27,0,0,1,0,.037c.015.114.029.228.042.343q.069.6.106,1.2a19.606,19.606,0,0,1,.007,2.27q-.03.536-.094,1.07l-.014.114c0,.018,0,.038-.007.056-.013.1.006-.023,0-.034a1.161,1.161,0,0,1-.038.261c-.025.165-.054.33-.084.494a14.946,14.946,0,0,1-.475,1.878q-.144.445-.316.878c-.027.068-.054.134-.081.2s-.015.063,0-.01a.884.884,0,0,1-.053.122c-.059.136-.12.27-.184.4a13.874,13.874,0,0,1-.842,1.521q-.23.36-.48.705a3.569,3.569,0,0,0-.247.331c.04-.071.057-.074,0,0l-.056.072-.133.165a15.179,15.179,0,0,1-1.1,1.2q-.564.557-1.18,1.056c-.1.084-.209.166-.313.249-.028.022.106-.081.022-.017l-.079.06-.159.119q-.3.226-.618.438a20.656,20.656,0,0,1-2.529,1.461c-.208.1-.418.2-.629.3l-.3.136-.146.063-.078.033c-.069.03.14-.058.021-.009q-.579.241-1.168.454-1.028.37-2.085.653-.751.2-1.512.352c-.242.047-.485.089-.728.126-.094.015.145-.019.114-.015a.569.569,0,0,0-.554.554q0,1.9,0,3.795,0,.274,0,.548l.945-.392-1.016-1.073-2.426-2.562-2.946-3.112-2.538-2.681c-.412-.435-.807-.9-1.241-1.31a.168.168,0,0,1-.018-.018v.784l1.1-1.1,2.625-2.625,3.174-3.174,2.756-2.756c.444-.444.917-.872,1.337-1.337l.018-.018-.945-.391V933a.56.56,0,0,0,.945.391l1.074-1.128,2.578-2.708,3.1-3.262,2.694-2.83c.435-.457.881-.9,1.306-1.371l.018-.019a.562.562,0,0,0,0-.784l-1.076-1-2.569-2.4-3.107-2.9q-1.349-1.258-2.7-2.516c-.435-.405-.86-.825-1.306-1.219l-.018-.018a.56.56,0,0,0-.945.391v4.343l.554-.554c-.245.032-.488.072-.731.117-.533.1-1.061.221-1.585.357q-1.156.3-2.282.706a26.1,26.1,0,0,0-2.814,1.2,21.1,21.1,0,0,0-2.812,1.678,17.979,17.979,0,0,0-2.735,2.37,15.508,15.508,0,0,0-2.256,3.1,15.287,15.287,0,0,0-1.488,3.915,18.36,18.36,0,0,0-.429,4.833,26.4,26.4,0,0,0,.921,5.791q.209.78.455,1.549a.553.553,0,1,0,1.065-.294Z\" transform=\"translate(-207.951 -911.087)\"><\/path><\/g><\/g><\/g><\/svg>\n        <\/div>\n        <div>\n          <h6>Recycled Materials<\/h6>\n        <\/div>\n      <\/div>\n      <div class=\"itms-grid text-center one-half\">\n        <div>\n          <svg xmlns=\"http:\/\/www.w3.org\/2000\/svg\" class=\"eco-friendly\" width=\"69\" height=\"69\" viewbox=\"0 0 69 69\"><defs><style>.eco-friendly .a{fill:#fff;opacity:0;}.eco-friendly .b,.eco-friendly .c,.eco-friendly .e{fill:none;}.eco-friendly .b,.eco-friendly .c{stroke:#000;}.eco-friendly .b{stroke-width:2px;}.eco-friendly .c{stroke-linecap:round;stroke-linejoin:round;stroke-miterlimit:10;stroke-width:5px;}.eco-friendly .d{stroke:none;}<\/style><\/defs><g transform=\"translate(-378 -1548)\"><rect class=\"a\" width=\"69\" height=\"69\" transform=\"translate(378 1548)\"><\/rect><g transform=\"translate(-17.6 5.1)\"><g class=\"b\" transform=\"translate(460.2 1607) rotate(180)\"><circle class=\"d\" cx=\"30.1\" cy=\"30.1\" r=\"30.1\"><\/circle><circle class=\"e\" cx=\"30.1\" cy=\"30.1\" r=\"29.1\"><\/circle><\/g><g transform=\"translate(409.919 1559.038)\"><g transform=\"translate(3.494 0.088)\"><path d=\"M663.351,471.139a17.842,17.842,0,1,0,2.679-15.856,16.961,16.961,0,0,0-1.367,2.153.65.65,0,1,0,1.121.656,16.834,16.834,0,0,1,1.4-2.192c.025-.034.181-.237.079-.106q.091-.117.185-.234c.134-.168.273-.332.414-.495q.39-.45.81-.871t.868-.814c.137-.12.276-.237.417-.353.077-.063.154-.126.232-.187l.117-.092c-.133.1.041-.03.066-.05a17.3,17.3,0,0,1,2-1.3q.524-.292,1.069-.547c.167-.078.336-.153.5-.226s-.128.052.03-.013l.14-.057c.109-.044.219-.087.329-.129a17.231,17.231,0,0,1,2.338-.7c.4-.09.81-.166,1.218-.226l.155-.023c.175-.025-.142.016.034,0l.311-.037q.313-.034.627-.056a17.469,17.469,0,0,1,2.4-.008c.19.013.381.028.57.048l.284.03.094.011c.037,0,.254.028.062.008.372.041.745.114,1.112.188a17.111,17.111,0,0,1,2.144.585,8.909,8.909,0,0,1,1.027.392c-.158-.078-.018-.008.013.005l.125.055.249.113c.18.082.357.168.534.257a17.138,17.138,0,0,1,1.876,1.1,10.307,10.307,0,0,1,.879.632c-.141-.119.047.037.081.065.07.056.141.113.21.17.151.123.3.25.446.379a17.515,17.515,0,0,1,1.531,1.522c.239.27.468.548.692.83.1.123-.085-.114.009.011l.081.108c.045.06.09.12.134.181.116.158.228.317.338.48a17.067,17.067,0,0,1,1.105,1.869q.248.487.464.989c.014.031.082.172.005.013.02.041.036.084.052.127.035.084.068.17.1.255q.1.257.192.516a17.028,17.028,0,0,1,.6,2.137q.117.551.2,1.109c.006.047.014.093.019.141-.021-.183,0-.019,0,.015q.018.141.032.283c.021.189.038.379.052.569a17.529,17.529,0,0,1,.019,2.311q-.033.57-.1,1.138c0,.035-.022.2,0,.015-.005.047-.013.093-.019.141-.013.093-.028.186-.042.279q-.047.289-.1.577a17.11,17.11,0,0,1-.578,2.171q-.177.521-.387,1.031c-.013.031-.068.18-.005.013-.011.028-.024.056-.036.084-.036.083-.073.168-.11.25-.081.18-.164.358-.252.536a17.2,17.2,0,0,1-1.081,1.885q-.3.451-.626.884c-.027.036-.053.074-.082.107.113-.133.012-.015-.009.011-.047.06-.093.118-.141.177-.122.152-.248.3-.376.449a17.361,17.361,0,0,1-1.51,1.543q-.4.362-.825.7l-.106.083c-.123.1.114-.086-.011.009-.071.054-.144.109-.216.162q-.218.161-.441.315a17.035,17.035,0,0,1-1.86,1.12q-.485.252-.985.472l-.126.055c-.031.014-.172.082-.013.005-.082.039-.17.07-.254.1-.17.068-.342.133-.514.2a16.939,16.939,0,0,1-2.13.618c-.366.081-.735.149-1.105.207-.093.014-.186.03-.28.04.183-.021.019,0-.015,0l-.141.017c-.189.022-.378.041-.567.056a17.585,17.585,0,0,1-2.4.034q-.6-.032-1.191-.107l-.061-.008c.109.014-.052-.008-.061-.009-.1-.014-.195-.028-.292-.044q-.315-.05-.628-.113a17.135,17.135,0,0,1-2.245-.607c-.167-.057-.332-.118-.5-.18-.09-.034-.179-.069-.267-.105l-.133-.054c-.031-.013-.234-.091-.065-.027a11,11,0,0,1-1.036-.483,17.156,17.156,0,0,1-1.953-1.16q-.224-.154-.443-.314l-.208-.155c-.024-.018-.155-.115-.018-.013l-.148-.116c-.3-.234-.582-.478-.862-.731a17.1,17.1,0,0,1-1.571-1.623c-.122-.144-.241-.289-.358-.437l-.088-.112c-.071-.091,0,.005.015.019-.07-.084-.133-.175-.2-.264q-.336-.456-.642-.933a17.215,17.215,0,0,1-1.1-1.993c-.08-.172-.167-.345-.234-.523.061.161,0,.008-.009-.021-.018-.044-.037-.089-.054-.133-.03-.074-.06-.148-.088-.223q-.208-.537-.38-1.089a.649.649,0,1,0-1.251.345Z\" transform=\"translate(-663.325 -448.035)\"><\/path><\/g><g transform=\"translate(21.55 0.408)\"><path d=\"M832.614,452.273c.048.017-.2-.1-.075-.029.027.016.054.031.08.049s.068.063.092.066c-.027,0-.169-.136-.08-.062l.053.044a4.742,4.742,0,0,1,.464.468c.092.1.181.21.268.317l.145.182c.054.068-.11-.144-.057-.075.011.014.022.029.034.043l.078.1c.218.292.424.592.623.9a23.95,23.95,0,0,1,1.336,2.351q.351.7.66,1.425l.037.086c.008.02.016.038.024.057s-.062-.147-.036-.083.056.134.083.2c.052.127.1.254.154.382.1.266.206.535.3.8a27.324,27.324,0,0,1,1.008,3.522c.136.637.235,1.277.337,1.92,0,.009-.019-.153-.011-.08,0,.018.005.037.008.056l.016.13c.011.088.022.174.031.262.018.163.036.327.051.49q.047.507.074,1.013.053,1.038.013,2.078-.021.531-.067,1.061c-.016.182-.034.364-.054.546-.009.081-.018.162-.028.243-.005.048-.012.1-.018.142-.02.151.014-.1,0,.011a21.785,21.785,0,0,1-1.088,4.378c-.069.188-.141.377-.214.563-.034.083-.067.167-.1.25-.021.049-.039.1-.061.146.054-.119.012-.028-.014.032q-.242.56-.515,1.106a22.835,22.835,0,0,1-1.263,2.208c-.241.372-.494.739-.755,1.1-.065.09-.132.18-.2.269l-.093.123c-.027.036-.141.183-.056.075-.14.18-.281.358-.425.534a27.817,27.817,0,0,1-1.963,2.154q-.539.533-1.1,1.039a.655.655,0,0,0,0,.919.665.665,0,0,0,.919,0,28.9,28.9,0,0,0,4.041-4.457,22.941,22.941,0,0,0,2.559-4.475,22.086,22.086,0,0,0,1.417-4.6,23.054,23.054,0,0,0,.4-4.456,25.305,25.305,0,0,0-.4-4.2,27.06,27.06,0,0,0-.926-3.681,29.408,29.408,0,0,0-1.307-3.3,25.143,25.143,0,0,0-1.361-2.545,17.42,17.42,0,0,0-1.34-1.906,4.694,4.694,0,0,0-1.047-1.013,1.552,1.552,0,0,0-.3-.142.652.652,0,0,0-.8.454.665.665,0,0,0,.454.8Z\" transform=\"translate(-830.12 -450.992)\"><\/path><\/g><g transform=\"translate(10.813 0.409)\"><path d=\"M738.053,451.2a.733.733,0,0,0-.963-.027,5.11,5.11,0,0,0-.571.477,15.25,15.25,0,0,0-1.423,1.588,20.663,20.663,0,0,0-3.344,5.9,13.77,13.77,0,0,0-.813,4.245.655.655,0,0,0,.649.649.662.662,0,0,0,.65-.649q.011-.463.058-.924c.008-.073.016-.146.025-.219,0-.032.01-.066.013-.1-.015.2-.008.058,0,.014.023-.158.049-.315.077-.472a14.059,14.059,0,0,1,.433-1.72q.136-.425.3-.843.076-.2.156-.393l.029-.07c.053-.13-.062.143-.007.014l.091-.21c.23-.521.486-1.031.762-1.529a21.376,21.376,0,0,1,1.641-2.516l.108-.142c-.142.186-.026.034.005-.006.069-.089.14-.177.211-.265.127-.157.257-.312.388-.464.216-.251.441-.5.673-.735a7.226,7.226,0,0,1,.566-.526c.049-.04.144-.1-.075.056l.044-.034c.027-.02.054-.037.081-.054.011-.007.023-.011.032-.017.068-.043-.2.075-.125.053s-.21.02-.15.018a.637.637,0,0,1-.439-.183.65.65,0,0,0,.921-.916Z\" transform=\"translate(-730.938 -451.005)\"><\/path><\/g><g transform=\"translate(19.807 0)\"><path d=\"M814.028,447.875v14.763c0,.683-.014,1.367,0,2.05v.027a.65.65,0,0,0,1.3,0V449.952c0-.683.014-1.367,0-2.05v-.027a.65.65,0,0,0-1.3,0Z\" transform=\"translate(-814.022 -447.225)\"><\/path><\/g><g transform=\"translate(19.813 28.731)\"><path d=\"M814.08,713.285v5.367a.65.65,0,1,0,1.3,0v-5.367a.65.65,0,1,0-1.3,0Z\" transform=\"translate(-814.08 -712.635)\"><\/path><\/g><g transform=\"translate(5.117 8.503)\"><path d=\"M678.965,527.073h28.062c.379,0,.758,0,1.135,0h.05a.649.649,0,0,0,0-1.3H680.15c-.379,0-.758,0-1.136,0h-.05a.649.649,0,0,0,0,1.3Z\" transform=\"translate(-678.315 -525.772)\"><\/path><\/g><g transform=\"translate(27.491 17.417)\"><path d=\"M885.655,609.423h8.252c.381,0,.763.01,1.144,0h.016a.649.649,0,1,0,0-1.3h-8.252c-.381,0-.763-.01-1.144,0h-.016a.649.649,0,1,0,0,1.3Z\" transform=\"translate(-885.005 -608.12)\"><\/path><\/g><g transform=\"translate(20.473 28.148)\"><path d=\"M820.825,708.555H831.9c.513,0,1.026.012,1.539,0h.022a.65.65,0,0,0,0-1.3H822.386c-.512,0-1.026-.012-1.539,0h-.022a.65.65,0,1,0,0,1.3Z\" transform=\"translate(-820.174 -707.251)\"><\/path><\/g><g transform=\"translate(14.363 17.256)\"><path d=\"M764.385,607.929h4.789a.649.649,0,0,0,0-1.3h-4.789a.649.649,0,0,0,0,1.3Z\" transform=\"translate(-763.735 -606.63)\"><\/path><\/g><path class=\"c\" d=\"M756.78,727.03\" transform=\"translate(-743.169 -696.741)\"><\/path><g transform=\"translate(13.257 16.608)\"><path d=\"M754.859,613.082a10.973,10.973,0,0,1-.029-1.5q.013-.377.043-.752c.011-.135.024-.272.039-.407.008-.065.014-.129.023-.194l.013-.107c.021-.162-.026.19,0,.028a13.819,13.819,0,0,1,.388-1.863q.143-.506.33-1c.029-.076.058-.15.089-.225.023-.056.1-.224-.006.012l.062-.143q.109-.247.231-.487a9.588,9.588,0,0,1,.552-.951q.156-.234.325-.458c.03-.04.1-.119-.044.056.015-.018.029-.038.043-.056l.089-.111c.061-.074.122-.147.185-.219a8.164,8.164,0,0,1,.855-.841c.07-.06.143-.118.214-.175.039-.031.127-.092-.051.039l.061-.047c.048-.036.1-.071.145-.106q.255-.184.524-.346t.567-.316c.1-.051.2-.1.3-.145l.129-.058.078-.034c.1-.043-.172.071-.023.01a9.913,9.913,0,0,1,1.376-.447c.252-.063.508-.116.764-.16.133-.023.267-.043.4-.063s-.168.022-.036,0l.1-.013.245-.027a4.761,4.761,0,0,1,.7-.034c.666.03,1.332.074,2,.134.213.02.428.04.641.064l.317.037.156.019c.113.014-.182-.025-.07-.01l.1.014a8.228,8.228,0,0,1,1.051.2c.061.017.121.036.181.056.029.01.057.022.086.032.081.029-.178-.081-.1-.043l.049.023c.041.021.175.116.052.019s-.047-.038-.024-.014c.063.066-.119-.18-.064-.08a.475.475,0,0,1-.072-.275c0,.126.039-.157.015-.094-.032.083-.046.062.039-.076-.018.03-.034.064-.052.094-.077.128.113-.13.029-.035-.025.029-.051.057-.077.086-.06.063-.123.121-.188.179-.338.3-.7.568-1.019.888a4.013,4.013,0,0,0-.973,1.473,4.987,4.987,0,0,0-.195,1.058c.04-.3.008-.061,0,.015s-.017.123-.027.185c-.021.134-.042.267-.065.4a11.458,11.458,0,0,1-.5,1.915c-.028.079-.058.157-.089.235l-.052.129-.027.065c.09-.223.041-.1.02-.048q-.114.263-.246.516a7.493,7.493,0,0,1-.632,1.014l-.047.062c-.065.089.107-.135.039-.05l-.1.121c-.067.081-.135.161-.206.239a6.546,6.546,0,0,1-.465.469c-.079.071-.159.142-.24.209l-.131.106c-.091.073.134-.1.041-.033l-.092.068a6.9,6.9,0,0,1-.59.389q-.322.188-.662.344c-.058.027-.118.052-.177.078.206-.094.024-.011-.027.01-.135.054-.273.1-.411.15a10.023,10.023,0,0,1-1.728.4c-.144.022.159-.02.013,0l-.121.015c-.041,0-.083.012-.124.014-.016,0-.031,0-.048,0-.088,0-.175,0-.263,0-.347,0-.694,0-1.041-.006a23.475,23.475,0,0,1-2.514-.125c-.171-.021.167.025.034,0l-.108-.017c-.057-.01-.115-.021-.172-.035s-.094-.029-.142-.043c.234.066.155.074.1.038-.086-.053.151.131.092.072a.65.65,0,0,0-.919.919,1.746,1.746,0,0,0,1.057.353c.4.051.8.075,1.2.093.8.037,1.611.047,2.415.045a8.368,8.368,0,0,0,2.616-.478,8.033,8.033,0,0,0,2.832-1.63,8.647,8.647,0,0,0,2.464-4.326,15.1,15.1,0,0,0,.317-1.7c.022-.16.043-.321.064-.483,0-.023.007-.047.009-.069.006-.051.03-.1-.014.105.008-.034.011-.067.017-.1a2.837,2.837,0,0,1,.115-.4c.017-.049.064-.115-.023.051.015-.028.026-.058.04-.088.028-.057.057-.114.089-.169.068-.119.148-.228.227-.34-.133.188,0,0,.036-.038s.081-.093.123-.139c.09-.1.184-.188.28-.278.316-.293.669-.547.981-.847a1.144,1.144,0,0,0,.4-1.335,1.388,1.388,0,0,0-.858-.574,6.963,6.963,0,0,0-1.029-.216c-.882-.134-1.773-.213-2.663-.272a9.792,9.792,0,0,0-1.543-.03,11.59,11.59,0,0,0-3.2.719,9.4,9.4,0,0,0-2.53,1.477,9.643,9.643,0,0,0-2.772,3.974,14.006,14.006,0,0,0-.871,3.939,13.638,13.638,0,0,0-.027,2.2c0,.035.005.07.009.105a.7.7,0,0,0,.19.459.664.664,0,0,0,.459.19.649.649,0,0,0,.658-.644Z\" transform=\"translate(-753.511 -600.647)\"><\/path><g transform=\"translate(0.088 5.373)\"><path d=\"M755.142,657.689a18.32,18.32,0,0,0,2.2-1.094,15.133,15.133,0,0,0,3.8-2.962,7.648,7.648,0,0,0,1.545-2.53.653.653,0,0,0-.454-.8.666.666,0,0,0-.8.453c-.031.089-.065.176-.1.263s.028-.067.029-.068l-.031.071c-.024.053-.048.105-.073.157-.082.171-.173.338-.272.5s-.218.343-.337.507l-.077.1-.039.052c-.073.1.085-.107.032-.042-.065.08-.129.16-.195.239a11.785,11.785,0,0,1-1.753,1.654c-.079.062.053-.041.055-.042l-.064.049-.115.087-.243.178q-.232.167-.471.326-.446.3-.911.571c-.49.29-.994.56-1.506.808-.173.083-.346.165-.522.243l-.149.065.1-.042a.718.718,0,0,0-.389.3.662.662,0,0,0-.065.5.655.655,0,0,0,.8.454Z\" transform=\"translate(-754.32 -650.285)\"><\/path><\/g><\/g><g transform=\"translate(0 6.026)\"><path d=\"M645.637,530.289c0-.239-.022-.479-.032-.718q-.039-.784-.079-1.567-.088-1.737-.178-3.474c-.014-.264-.027-.527-.041-.791a.667.667,0,0,0-.649-.649c-.172-.011-.344-.03-.514-.052l-.131-.016-.031,0,.127.017-.071-.01c-.109-.015-.218-.031-.327-.049-.259-.041-.515-.088-.772-.14a19.709,19.709,0,0,1-1.959-.5q-.559-.174-1.105-.383c-.093-.036-.187-.073-.279-.11l-.141-.057-.076-.031.061.026c-.194-.083-.387-.169-.578-.26a14.265,14.265,0,0,1-2.314-1.363l-.128-.094-.073-.055-.027-.021c-.08-.061.062.046.068.053-.083-.08-.187-.147-.276-.221-.181-.149-.358-.3-.529-.463a10.856,10.856,0,0,1-.987-1.046l-.114-.14c-.021-.025-.04-.051-.06-.076-.074-.094.1.131.028.036s-.151-.2-.224-.3q-.218-.309-.412-.632t-.374-.678c-.061-.119-.118-.24-.173-.363-.027-.059-.053-.12-.08-.18-.052-.119.035.084.019.045l-.045-.11a10.925,10.925,0,0,1-.508-1.6q-.1-.443-.174-.893c-.011-.069-.02-.14-.03-.209-.015-.106.024.182,0,.022-.005-.041-.01-.081-.015-.122-.018-.16-.035-.32-.048-.482a14.851,14.851,0,0,1-.018-2.035c.011-.185.024-.369.04-.554,0-.042.008-.084.012-.127.013-.137,0,.058-.014.081a.055.055,0,0,0,0-.014c.018-.069.029-.141.044-.211q.266-1.245.584-2.479c.136-.526.281-1.05.445-1.57.075-.237.153-.474.238-.708.039-.107.08-.214.122-.319.009-.023.018-.045.028-.067.028-.072-.078.18-.026.062.021-.048.041-.094.063-.141a2.8,2.8,0,0,1,.236-.43c.009-.012.018-.024.026-.037.034-.053-.131.155-.064.083l.06-.065c.081-.087-.071.052-.073.053a.22.22,0,0,0,.029-.018c.081-.043-.128.052-.119.049.111-.041-.17.012-.114.011h.024c-.235-.007-.19-.034-.115-.01.1.03-.094-.037-.1-.043a.234.234,0,0,0,.049.026c.014.009.028.019.042.027.076.042-.146-.128-.066-.05.063.061.12.125.178.191-.169-.2-.041-.052,0,0s.065.1.1.144c.3.467.551.96.865,1.418a5.163,5.163,0,0,0,1.514,1.525,5.473,5.473,0,0,0,1.29.514c.312.1.624.195.932.3.179.062.355.127.531.195.1.037.189.074.284.113l.14.057c.081.034-.18-.077-.07-.029l.085.037a13.232,13.232,0,0,1,1.193.588,11.116,11.116,0,0,1,1.221.787l.068.051c.025.018.113.087.012.009s0,0,.022.017l.077.062c.1.081.2.165.3.249q.294.257.564.537c.186.193.364.393.531.6l.067.084c.063.079-.1-.134-.027-.036.043.057.087.116.129.174.083.115.163.233.241.352a8.583,8.583,0,0,1,.433.748c.069.135.135.272.2.409l.042.1c.006.014.012.027.017.041.04.091-.03-.072-.03-.072a1.628,1.628,0,0,1,.09.225,9.777,9.777,0,0,1,.516,1.925c.014.087.024.173.039.259,0,.011-.021-.157-.012-.086,0,.024.006.047.009.07.005.048.012.1.017.142.021.188.038.378.05.566q.037.593.021,1.187c0,.1-.006.2-.012.307,0,.04-.019.207,0,.06.017-.111.013-.084.01-.061l-.01.064c-.018.116-.037.232-.056.346q-.107.646-.223,1.289a29.237,29.237,0,0,1-.685,3.137c-.027.092-.056.184-.088.275-.014.04-.028.079-.043.119l-.02.051c-.037.1.031-.081.04-.094-.031.051-.053.11-.082.163-.005.01-.013.018-.018.028-.034.067.115-.142.078-.1-.07.081.031-.021.086-.058a.65.65,0,0,0,.656,1.121,1.931,1.931,0,0,0,.627-1.1c.149-.49.262-.992.369-1.493.213-.995.392-2,.557-3a7.635,7.635,0,0,0,.109-1.034,13.3,13.3,0,0,0-.161-2.455,9.664,9.664,0,0,0-1.39-3.71,9.943,9.943,0,0,0-2.4-2.546,11.989,11.989,0,0,0-2.454-1.41,20.739,20.739,0,0,0-2.217-.81l-.382-.116-.093-.028-.113-.038c-.03-.011-.191-.076-.078-.028s-.036-.018-.057-.028-.068-.034-.1-.052c-.076-.04-.151-.084-.222-.13s-.13-.091-.2-.136.116.093.056.043l-.049-.04c-.037-.03-.073-.061-.107-.092a4.412,4.412,0,0,1-.341-.341c-.052-.057-.1-.116-.15-.176l-.067-.084c-.049-.059.091.121.046.058l-.046-.061c-.092-.124-.18-.253-.264-.383-.293-.452-.533-.942-.842-1.384s-.76-.9-1.352-.748a1.5,1.5,0,0,0-.835.872,10.564,10.564,0,0,0-.549,1.417c-.33,1.022-.591,2.065-.835,3.11q-.123.531-.238,1.063a7.172,7.172,0,0,0-.129,1.044,14.453,14.453,0,0,0,.293,4.112,11.048,11.048,0,0,0,3.223,5.669,13.36,13.36,0,0,0,2.375,1.777,16.81,16.81,0,0,0,2.493,1.192,19,19,0,0,0,2.182.694q.857.218,1.731.357c.382.061.766.114,1.152.148l.131.011-.649-.65q.057,1.083.112,2.167.089,1.754.178,3.506c.014.291.039.585.041.876a.647.647,0,1,0,1.295,0Z\" transform=\"translate(-631.047 -502.889)\"><\/path><g transform=\"translate(7.149 10.013)\"><path d=\"M698.064,596.62c.079-.045-.2.071-.117.049s.056.038-.134.015c.011,0,.025,0,.036,0,.072,0,.122.041-.117-.018.034.009.067.013.1.024.075.023.216.105-.028-.017a4.249,4.249,0,0,1,.594.358l.078.057.048.036c.078.058-.144-.113-.066-.051.062.049.123.1.184.148q.2.166.391.341c.292.267.57.55.839.841.3.329.583.673.863,1.022,0,0-.1-.136-.043-.056l.057.076.1.128c.077.1.153.208.227.314q.2.287.392.584a13.211,13.211,0,0,1,.708,1.253q.079.162.156.328c.023.05.045.1.067.15l.039.091c-.082-.187-.034-.079-.015-.035.09.221.173.444.247.671a7.633,7.633,0,0,1,.208.77c.026.122.05.246.069.37.005.03.01.062.014.092.019.123-.021-.173-.007-.05.008.062.014.123.021.184a5.631,5.631,0,0,1,.022.764c-.005.121-.015.241-.028.363-.005.051-.029.167.008-.053-.005.03-.009.059-.014.09q-.016.1-.039.208a.65.65,0,0,0,1.252.345,8.42,8.42,0,0,0-1.42-5.93,16.612,16.612,0,0,0-1.8-2.423,12.56,12.56,0,0,0-1.783-1.668c-.464-.352-1.167-.829-1.758-.489a.657.657,0,0,0-.233.889.666.666,0,0,0,.89.232Z\" transform=\"translate(-697.084 -595.384)\"><\/path><\/g><\/g><\/g><\/g><\/g><\/svg>\n        <\/div>\n        <div>\n          <h6>Eco-friendly<\/h6>\n        <\/div>\n      <\/div>\n      <div class=\"itms-grid one-half text-center\">\n        <div>\n          <svg xmlns=\"http:\/\/www.w3.org\/2000\/svg\" class=\"lab-grown-diamonds\" width=\"69\" height=\"69\" viewbox=\"0 0 69 69\"><defs><style>.lab-grown-diamonds .a{fill:#fff;opacity:0;}.lab-grown-diamonds .b,.lab-grown-diamonds .e{fill:none;}.lab-grown-diamonds .b,.lab-grown-diamonds .c{stroke:#000;}.lab-grown-diamonds .b{stroke-width:2px;}.lab-grown-diamonds .c{stroke-width:0.2px;}.lab-grown-diamonds .d{stroke:none;}<\/style><\/defs><g transform=\"translate(-118 -1687)\"><rect class=\"a\" width=\"69\" height=\"69\" transform=\"translate(118 1687)\"><\/rect><g transform=\"translate(-520.6 144.1)\"><g class=\"b\" transform=\"translate(703.2 1607) rotate(180)\"><circle class=\"d\" cx=\"30.1\" cy=\"30.1\" r=\"30.1\"><\/circle><circle class=\"e\" cx=\"30.1\" cy=\"30.1\" r=\"29.1\"><\/circle><\/g><g transform=\"translate(655.236 1559.038)\"><g transform=\"translate(0 8.954)\"><path class=\"c\" d=\"M191.96,498.771q1.1-1.428,2.2-2.857l3.5-4.547.795-1.033-.473.271h19.073c.88,0,1.768.036,2.647,0h.038l-.387-.161,2.165,2.7,3.423,4.269.787.98v-.776l-.45.476-1.219,1.286-1.811,1.91-2.2,2.32-2.42,2.554-2.431,2.565-2.279,2.4q-.958,1.011-1.917,2.022l-1.385,1.462c-.217.229-.446.452-.654.691l-.029.03h.776l-.477-.461-1.3-1.254-1.92-1.856-2.343-2.264-2.554-2.468-2.59-2.5-2.416-2.334-2.041-1.972-1.468-1.419c-.231-.224-.46-.452-.7-.671l-.029-.028a.548.548,0,1,0-.776.776l.477.461,1.3,1.254,1.92,1.855,2.343,2.264,2.554,2.468,2.59,2.5,2.416,2.334L206.738,514l1.468,1.419c.231.224.46.452.7.672l.029.028a.556.556,0,0,0,.776,0l.45-.476,1.219-1.286,1.811-1.91,2.2-2.32,2.42-2.553L220.237,505l2.279-2.4q.958-1.011,1.917-2.022l1.385-1.462c.218-.23.44-.457.654-.691l.029-.03a.566.566,0,0,0,0-.776l-2.332-2.907-3.493-4.355-.444-.553a.6.6,0,0,0-.5-.294c-.217-.009-.435,0-.651,0H198.961c-.306,0-.612,0-.918,0a.668.668,0,0,0-.549.286l-.252.328-3.11,4.041L191.177,498l-.165.215a.55.55,0,0,0,.2.75A.568.568,0,0,0,191.96,498.771Z\" transform=\"translate(-190.932 -489.506)\"><\/path><\/g><g transform=\"translate(0.006 16.907)\"><path class=\"c\" d=\"M191.543,578.133l.931-.013,2.512-.036,3.738-.053,4.531-.064,5-.07,5.008-.07,4.7-.066,3.947-.056,2.858-.04c.449-.006.9-.006,1.345-.019h.058a.548.548,0,1,0,0-1.1l-.931.013-2.511.036-3.738.053-4.531.064-5,.07-5.008.07-4.7.066-3.947.056-2.858.04c-.449.006-.9.006-1.345.019h-.058a.548.548,0,1,0,0,1.1Z\" transform=\"translate(-190.995 -576.549)\"><\/path><\/g><g transform=\"translate(6.5 8.957)\"><path class=\"c\" d=\"M262.621,490.634a.556.556,0,0,1-.379-.154l.011.013c.014.016-.111-.153-.069-.089.006.01.014.019.02.028.039.057.077.114.114.173.129.2.254.4.378.606.4.65.794,1.3,1.187,1.959q.708,1.18,1.413,2.363.6,1.013,1.206,2.027c.195.328.382.661.584.984l.008.014a.554.554,0,0,0,.473.271.57.57,0,0,0,.473-.271l.585-.816,1.4-1.959,1.692-2.36,1.469-2.049c.238-.332.488-.657.714-1l.01-.014h-.946l.6.816q.719.98,1.438,1.959l1.733,2.36q.752,1.025,1.5,2.049c.244.332.486.665.731,1l.01.014a.571.571,0,0,0,.473.271.554.554,0,0,0,.473-.271l.489-.814,1.174-1.954,1.427-2.375,1.224-2.037c.2-.333.409-.661.6-1l.008-.014a.554.554,0,0,0-.2-.75.56.56,0,0,0-.75.2l-.489.814-1.174,1.954-1.427,2.375-1.224,2.037c-.2.333-.413.66-.6,1l-.008.014h.947l-.6-.816-1.438-1.959-1.733-2.36q-.752-1.025-1.5-2.049c-.244-.332-.486-.665-.731-1l-.01-.014a.548.548,0,0,0-.946,0l-.585.816-1.4,1.959-1.692,2.36-1.469,2.049c-.238.332-.488.657-.714,1l-.01.014h.947l-.488-.824q-.589-.992-1.179-1.984-.71-1.192-1.423-2.382-.614-1.022-1.235-2.041c-.135-.221-.271-.441-.41-.66a2.12,2.12,0,0,0-.285-.406.562.562,0,0,0-.4-.169.548.548,0,0,0,0,1.1Z\" transform=\"translate(-262.075 -489.538)\"><\/path><\/g><g transform=\"translate(11.437 17.147)\"><path class=\"c\" d=\"M316.147,579.876c.057.156.114.312.171.468l.466,1.274q.343.937.686,1.875.419,1.148.84,2.3.46,1.258.92,2.515l.929,2.539.866,2.367.729,1.993.526,1.439c.083.227.164.455.249.682l.011.029a.549.549,0,0,0,1.058,0c.049-.155.1-.312.147-.467q.2-.636.4-1.271l.591-1.879.721-2.293q.395-1.257.79-2.513l.8-2.536.746-2.375q.312-.995.626-1.99l.454-1.443c.071-.227.147-.452.214-.68,0-.01.006-.019.009-.029a.553.553,0,0,0-.383-.674.56.56,0,0,0-.674.383c-.049.155-.1.312-.147.467q-.2.636-.4,1.271L326.9,583.2l-.721,2.293q-.395,1.257-.79,2.512l-.8,2.536-.746,2.374q-.312.995-.626,1.99l-.454,1.444c-.071.227-.148.451-.214.68,0,.01-.006.019-.009.029H323.6c-.057-.156-.114-.312-.171-.468l-.466-1.274q-.343-.937-.686-1.875-.419-1.148-.84-2.3-.46-1.258-.92-2.515l-.929-2.539-.866-2.367-.729-1.992-.526-1.439c-.083-.227-.165-.455-.249-.682l-.011-.029a.549.549,0,0,0-1.058.291Z\" transform=\"translate(-316.121 -579.178)\"><\/path><\/g><g transform=\"translate(3.498 1.834)\"><path class=\"c\" d=\"M229.29,412.4l1.04,1.762,1.643,2.783.378.641a.548.548,0,0,0,.947-.554l-1.04-1.761-1.643-2.783-.378-.641a.548.548,0,0,0-.947.554Z\" transform=\"translate(-229.217 -411.574)\"><\/path><\/g><g transform=\"translate(28.257 1.19)\"><path class=\"c\" d=\"M503.355,404.791l-1.04,1.761-1.643,2.783-.378.641a.548.548,0,0,0,.947.554l1.04-1.761,1.643-2.783.378-.641a.548.548,0,1,0-.946-.554Z\" transform=\"translate(-500.223 -404.525)\"><\/path><\/g><g transform=\"translate(17.319 0)\"><path class=\"c\" d=\"M380.5,392.043v5.928a.548.548,0,0,0,1.1,0v-5.928a.548.548,0,1,0-1.1,0Z\" transform=\"translate(-380.5 -391.495)\"><\/path><\/g><\/g><\/g><\/g><\/svg>\n        <\/div>\n        <div>\n          <h6>Lab-Grown Diamonds<\/h6>\n        <\/div>\n      <\/div>\n      <div class=\"itms-grid one-half text-center\">\n        <div>\n          <svg xmlns=\"http:\/\/www.w3.org\/2000\/svg\" class=\"made-with-love\" width=\"69\" height=\"69\" viewbox=\"0 0 69 69\"><defs><style>.made-with-love .a{fill:#fff;opacity:0;}.made-with-love .b,.made-with-love .d{fill:none;}.made-with-love .b{stroke:#000;stroke-width:2px;}.made-with-love .c{stroke:none;}<\/style><\/defs><g transform=\"translate(-378 -1687)\"><rect class=\"a\" width=\"69\" height=\"69\" transform=\"translate(378 1687)\"><\/rect><g transform=\"translate(-450.6 144.1)\"><g class=\"b\" transform=\"translate(893.2 1607) rotate(180)\"><circle class=\"c\" cx=\"30.1\" cy=\"30.1\" r=\"30.1\"><\/circle><circle class=\"d\" cx=\"30.1\" cy=\"30.1\" r=\"29.1\"><\/circle><\/g><g transform=\"translate(844.577 1559.038)\"><g transform=\"translate(18.802 2.264)\"><path d=\"M1226.016,502.613a32.908,32.908,0,0,0,2.162-2.98,17.3,17.3,0,0,0,1.353-2.444,4.912,4.912,0,0,0,.559-2.388,1.885,1.885,0,0,0-.489-1.143,1.508,1.508,0,0,0-.994-.46,3.207,3.207,0,0,0-1.829.628,15.391,15.391,0,0,0-2.132,1.671c-.767.691-1.5,1.424-2.208,2.171-1.375,1.445-2.685,2.95-3.959,4.484q-.34.408-.674.82a6.925,6.925,0,0,0-.656.844,3.333,3.333,0,0,0-.277,1.761V513c0,.4-.086.93.222,1.239a1.27,1.27,0,0,0,.714.306,9.268,9.268,0,0,0,1.036.1c.856.041,1.715.03,2.572.012,1.547-.032,3.093-.1,4.638-.189l.272-.015a.671.671,0,0,0,.662-.663q-.061-.959-.122-1.919c-.047-.722-.124-1.45-.139-2.175,0-.045-.027-.151-.01,0a.7.7,0,0,1,.06-.236c.041-.15-.072.113.01-.021.025-.042.057-.141.1-.167l-.044.056c.021-.025.042-.05.065-.074h0l0,0,.03-.031.306-.325,1.344-1.428,3.859-4.1,1.512-1.607a7.946,7.946,0,0,0,.8-.891,2.629,2.629,0,0,0,.342-1.56c0-.321,0-.644,0-.965q0-1.314-.017-2.628c-.023-2.184-.068-4.367-.167-6.549a41.692,41.692,0,0,0-.5-5.588,3.069,3.069,0,0,0-.565-1.524,2.8,2.8,0,0,0-1.143-.68,3.186,3.186,0,0,0-1.537-.12,2.978,2.978,0,0,0-2.329,2.229,8.362,8.362,0,0,0-.212,1.9q-.041.888-.078,1.778-.136,3.239-.251,6.478c0,.134-.01.267-.014.4a.668.668,0,0,0,.663.663.676.676,0,0,0,.663-.663q.088-2.455.186-4.912.073-1.837.155-3.676c.012-.253.023-.507.036-.76,0-.083.009-.166.015-.249,0-.045.009-.091.013-.136.012-.123,0,.036-.006.045.034-.039.032-.2.043-.251.018-.085.038-.17.061-.253.019-.067.04-.134.062-.2.012-.034.024-.07.038-.1.021-.053.082-.137-.012.026.067-.117.117-.242.19-.357.029-.045.06-.088.089-.131.071-.1-.109.126-.027.036.021-.022.039-.046.059-.07a2.607,2.607,0,0,1,.255-.243c.087-.077-.141.1-.043.034l.057-.04c.043-.029.086-.055.13-.081s.1-.052.147-.076c.015-.008.034-.013.05-.022-.18.107-.1.04-.032.017a2.135,2.135,0,0,1,.286-.082c.053-.011.107-.017.159-.029-.243.056-.062.009.011,0a2.4,2.4,0,0,1,.308,0c.049,0,.1.012.147.013-.254-.008-.04,0,.034.011a2.535,2.535,0,0,1,.283.075c.042.013.083.029.125.044s.129.072-.061-.028c.031.017.064.029.1.043a2.4,2.4,0,0,1,.251.138c.04.025.079.052.117.079.018.012.034.027.052.038-.19-.131-.078-.062-.036-.023.024.022.046.05.07.071-.165-.139-.108-.154-.07-.086.009.017.02.032.029.047.019.033.034.068.052.1.048.095-.079-.2-.035-.083l.026.072c.04.112.072.225.1.34.074.288.126.582.172.876.013.083.025.166.038.249.009.062.033.257,0-.011.007.049.013.1.019.146.026.208.05.414.072.622.1.941.162,1.884.215,2.829.12,2.175.175,4.354.207,6.532q.036,2.437.03,4.873v.166c0,.04,0,.08,0,.119a.438.438,0,0,1-.008.1c.013-.094.013-.1,0-.03a.991.991,0,0,1-.025.1c-.006.015-.01.031-.016.047-.026.07-.022.062.012-.021a.467.467,0,0,1-.069.131c0,.005-.091.142-.032.055s-.037.041-.044.047-.008.008-.011.012c-.082.088-.166.176-.248.264l-1.246,1.324-3.782,4.019c-.775.824-1.561,1.639-2.326,2.472a2.022,2.022,0,0,0-.573,1.417c.013.283.036.564.054.846q.086,1.335.171,2.671c.011.18.023.361.034.541l.663-.663q-1.71.1-3.421.162c-.912.032-1.824.056-2.738.056-.394,0-.789,0-1.183-.02-.169-.007-.339-.016-.508-.029l-.2-.018c-.08-.008-.338-.054-.038,0-.1-.018-.206-.031-.306-.059-.032-.009-.063-.023-.095-.031.241.063.167.078.107.043s-.049-.071.1.078c-.063-.065.088.122.082.111-.048-.072.073.2.054.129.075.281.019.212.022.15,0-.043,0-.087,0-.13v-8.723c0-.137,0,.031,0-.1,0-.074-.025-.051,0,.021-.01-.032.027-.119.038-.151s.022-.065.034-.1c-.033.078-.034.084,0,.017.019-.029.034-.061.052-.091.03-.049.141-.164,0,0,.016-.018.03-.036.044-.055l.117-.145.252-.312q1.66-2.041,3.422-4a39.57,39.57,0,0,1,4.286-4.227c.08-.066.162-.13.244-.194.125-.1-.126.095,0,0l.151-.114c.15-.11.3-.219.458-.321s.29-.185.441-.268c.064-.035.129-.07.194-.1s.344-.142.072-.039a3.255,3.255,0,0,1,.362-.123c.055-.013.111-.02.166-.033-.276.062-.085.01.006.011l.066,0c.133,0-.187-.038-.094-.013.045.011.092.027.137.036s-.194-.1-.082-.033c.016.011.035.02.052.03s.03.022.045.031c.064.038-.1-.067-.092-.072s.081.071.091.081.037.043.057.063c.05.051-.117-.172-.043-.053.017.029.036.057.052.087.035.066.052.182-.017-.05.018.062.043.122.058.184.007.03.012.06.017.09.027.127-.021-.214-.006-.036a2.57,2.57,0,0,1-.013.461c-.01.1.03-.193.012-.089,0,.014,0,.03-.007.044-.008.045-.016.091-.024.136-.018.086-.038.171-.06.256a5.936,5.936,0,0,1-.182.565c-.033.091-.07.18-.106.268-.019.046-.06.125.029-.067-.012.025-.022.052-.033.078l-.07.158c-.187.412-.4.813-.623,1.205-.444.779-.939,1.528-1.458,2.259q-.313.442-.641.875c-.04.053-.08.106-.12.158-.022.03-.045.058-.068.087l-.021.028c-.075.1.108-.139.052-.067l-.191.245-.167.209a.679.679,0,0,0,0,.938.665.665,0,0,0,.935,0Z\" transform=\"translate(-1216.86 -481.215)\"><\/path><\/g><g transform=\"translate(0 2.259)\"><path d=\"M1056.651,501.633c-.058-.072-.117-.145-.175-.218l-.089-.114c-.045-.059-.2-.256-.022-.028-.085-.112-.171-.223-.255-.335-.481-.639-.944-1.294-1.381-1.967a17.861,17.861,0,0,1-1.333-2.378l-.063-.144c-.065-.15.061.15,0,0-.041-.1-.082-.2-.119-.306-.064-.177-.123-.357-.169-.539-.022-.085-.042-.17-.058-.255-.008-.041-.015-.083-.022-.124-.029-.164.021.192,0,.012a2.736,2.736,0,0,1-.005-.446c.008-.135-.04.206-.006.046.007-.03.011-.06.019-.088s.015-.057.024-.085.012-.033.016-.05c.038-.118-.077.159-.034.078.028-.05.053-.1.083-.148.08-.128-.117.128-.032.04.024-.024.046-.051.071-.074s.045-.036.066-.057c-.167.164-.1.074-.036.034l.052-.029c.108-.066-.189.062-.075.032l.126-.031c.045-.012-.23.017-.086.013l.081,0c.023,0,.046,0,.07,0,.151.007-.129-.023-.075-.012s.112.02.167.034.118.033.177.053c.031.011.062.022.092.034l.043.017c.12.046-.16-.072-.072-.031a6.693,6.693,0,0,1,.854.482c.157.1.309.213.461.326.036.026.072.054.108.082s.126.1-.048-.036l.066.052c.086.067.171.136.256.205.354.289.7.592,1.033.9.758.7,1.482,1.432,2.189,2.182,1.321,1.4,2.585,2.856,3.814,4.339q.326.394.649.791l.261.321.1.126.022.028c.054.065-.049-.058-.045-.061s.209.339.109.159a.678.678,0,0,1,.049.148c0,.007.045.171.019.064s0,.095,0,.12v8.74c0,.039,0,.078,0,.117.005.081.039-.211.021-.15a.51.51,0,0,1,.255-.337.168.168,0,0,0-.03.018c-.089.049.106-.049.114-.046-.021-.006-.092.031-.116.036-.046.012-.091.021-.137.03-.09.017-.278.035-.011.005q-.452.05-.907.066c-.854.033-1.71.021-2.564,0-1.5-.033-2.993-.1-4.489-.186l-.265-.016.663.663c.087-1.357.205-2.716.261-4.075a2.023,2.023,0,0,0-.578-1.4l-.24-.255-1.237-1.315-3.8-4.037c-.774-.823-1.555-1.641-2.324-2.47l-.043-.047c-.042-.045-.064-.03.011.017-.03-.019-.062-.1-.078-.126l-.023-.044q-.046-.1.007.023a.6.6,0,0,1-.057-.189c-.035-.119-.007.014,0,.03a.56.56,0,0,1-.009-.15v-.267c0-.295,0-.589,0-.884q0-1.251.012-2.5c.02-2.145.061-4.291.15-6.434.043-1.036.1-2.072.176-3.106.034-.444.073-.888.12-1.331q.031-.3.07-.593c.008-.063.037-.262,0,.007.007-.046.013-.094.02-.141.013-.089.026-.18.041-.269.047-.289.1-.58.173-.864.029-.108.06-.215.1-.32.009-.023.019-.046.027-.071.036-.1-.088.191-.038.088.019-.039.036-.077.059-.115.062-.1.062-.044-.045.049.035-.031.069-.065.1-.1.083-.073-.145.1-.053.041l.042-.03c.042-.03.085-.059.129-.085a3.007,3.007,0,0,1,.276-.147c.054-.027.135-.033-.062.025.025-.008.05-.02.074-.029q.062-.023.125-.043a2.737,2.737,0,0,1,.309-.077l.08-.013c.114-.021-.186.018-.071.01.044,0,.089-.009.134-.011a2.382,2.382,0,0,1,.321,0l.081.008c.115.008-.184-.032-.07-.01.053.01.106.019.159.031a3.036,3.036,0,0,1,.31.1c.09.03-.084-.036-.083-.035a.572.572,0,0,0,.075.034c.05.024.1.05.146.078s.08.049.118.075a.79.79,0,0,0,.07.05c-.1-.075-.118-.093-.066-.051l.044.036a2.171,2.171,0,0,1,.231.23.414.414,0,0,0,.058.071c-.1-.067-.082-.109-.028-.034.037.052.073.106.106.161s.066.116.1.176.089.24.02.032c.049.142.1.281.143.427.021.078.039.158.054.237.01.049.005.172.035.21,0-.03-.008-.06-.012-.089q.005.045.01.089c0,.045.009.092.012.137.007.083.01.166.014.249.013.262.025.522.037.784q.04.88.076,1.758.134,3.186.246,6.374.007.192.014.384a.663.663,0,1,0,1.325,0q-.09-2.518-.19-5.034-.073-1.846-.157-3.691a7.639,7.639,0,0,0-.231-1.909,3.189,3.189,0,0,0-.946-1.516,3,3,0,0,0-2.949-.5,2.724,2.724,0,0,0-1.1.675,2.039,2.039,0,0,0-.378.75,11.373,11.373,0,0,0-.362,2.036c-.11.924-.179,1.854-.235,2.783-.134,2.195-.191,4.394-.228,6.592q-.042,2.556-.036,5.115c0,.121,0,.244,0,.366a2.116,2.116,0,0,0,.475,1.333c.076.095.16.182.244.271l1.121,1.192,3.8,4.036c.843.9,1.688,1.787,2.527,2.686l.024.027,0,0,.033.036c.046.056.042.05-.012-.019.019.026.036.054.053.082a.4.4,0,0,1,.069.129c0-.088-.029-.085-.012-.023s.03.093.041.14l.01.047c.012.074.012.064,0-.031,0,0,0,.073,0,.086-.009.272-.035.545-.052.816q-.086,1.35-.172,2.7l-.036.563a.674.674,0,0,0,.663.663c1.179.073,2.361.126,3.543.167.933.032,1.866.055,2.8.052a13.937,13.937,0,0,0,2.188-.128,1.257,1.257,0,0,0,.7-.307.859.859,0,0,0,.219-.648v-8.63a2.152,2.152,0,0,0-.333-1.228c-.188-.275-.417-.529-.626-.787-1.14-1.4-2.311-2.772-3.524-4.108a36.324,36.324,0,0,0-4.389-4.266c-.955-.747-2.744-2.114-3.869-.9a2.421,2.421,0,0,0-.362,2.286,10.246,10.246,0,0,0,1.091,2.514,30.852,30.852,0,0,0,2.7,3.93c.056.072.113.143.17.213a.665.665,0,0,0,.938,0,.687.687,0,0,0-.007-.937Z\" transform=\"translate(-1046.635 -481.166)\"><\/path><\/g><g transform=\"translate(8.491 0)\"><g transform=\"translate(9.242 0.006)\"><path d=\"M1208.184,480.289a2.361,2.361,0,0,0,.367-.279c.184-.147.364-.3.543-.451.609-.518,1.2-1.056,1.782-1.607q1.185-1.125,2.29-2.329a34.164,34.164,0,0,0,2.389-2.908,18.329,18.329,0,0,0,1.816-2.991,9.3,9.3,0,0,0,.933-3.248,5.007,5.007,0,0,0-.672-2.957,6.1,6.1,0,0,0-3.151-2.476,5.516,5.516,0,0,0-4.672.63,9.038,9.038,0,0,0-2.33,2.028c-.068.085-.136.171-.2.258a.664.664,0,0,0-.066.51.663.663,0,0,0,1.212.159c.062-.084-.071.091-.074.1.026-.033.053-.067.081-.1.1-.12.2-.236.3-.35a7.226,7.226,0,0,1,1.122-1.037s-.147.112-.071.054c.014-.011.028-.022.043-.032l.087-.065c.067-.049.135-.1.2-.145q.2-.137.41-.262t.441-.239c.072-.035.145-.07.218-.1.051-.022.19-.074-.02.007.047-.019.094-.039.141-.056a5,5,0,0,1,1-.274l.063-.01c.086-.014-.188.022-.066.009.042,0,.085-.01.127-.013.092-.009.182-.014.274-.017a4.368,4.368,0,0,1,.563.02c.026,0,.2.023.064.007s.056.01.082.014c.1.018.2.039.293.063a4.53,4.53,0,0,1,.6.193c.148.06-.128-.057.02.008.048.021.1.043.143.066.11.053.218.11.323.17.145.083.286.171.424.264q.084.056.166.116l.081.059.04.03c.09.066-.066-.052-.066-.052a2.422,2.422,0,0,1,.309.26,4.8,4.8,0,0,1,.521.55l.026.033c.05.061-.066-.083-.064-.084s.055.073.057.076c.035.048.069.1.1.146q.1.146.182.3c.055.1.106.2.152.306l.017.036c.035.077-.046-.117-.043-.1a.73.73,0,0,0,.03.074c.022.055.042.112.062.167a4.079,4.079,0,0,1,.166.649c0,.026.009.052.012.078s0,.027.005.039c.014.087-.015-.135-.015-.117,0,.058.014.119.02.178.01.113.017.226.019.34a5.433,5.433,0,0,1-.032.7c0,.028-.007.055-.01.083-.016.134.022-.15.01-.072-.01.063-.019.126-.029.188-.02.12-.044.24-.071.358a9.159,9.159,0,0,1-.466,1.45l-.008.019c.055-.13,0,0-.013.03-.026.062-.054.124-.082.186q-.084.187-.175.371-.186.376-.393.742c-.283.5-.592.99-.919,1.465-.168.245-.341.486-.518.725-.089.12-.179.238-.269.358l-.032.042.055-.072-.065.083c-.049.063-.1.125-.147.187q-.554.7-1.144,1.365c-.729.827-1.493,1.622-2.283,2.392q-.924.9-1.9,1.753c-.217.19-.438.379-.66.563-.077.064-.154.127-.232.189l-.088.07c-.08.064.168-.128.1-.074l-.033.025a.508.508,0,0,1-.07.049.668.668,0,0,0-.238.907.676.676,0,0,0,.906.239Z\" transform=\"translate(-1207.187 -460.77)\"><\/path><\/g><g transform=\"translate(0 0)\"><path d=\"M1133.748,479.095c-.1-.05-.074-.058.059.049l-.156-.126c-.174-.145-.345-.294-.515-.445-.573-.509-1.13-1.037-1.674-1.577q-1.112-1.1-2.144-2.282-.571-.656-1.113-1.339l-.13-.166-.065-.084.055.072-.04-.053c-.088-.116-.177-.232-.263-.349q-.26-.351-.51-.71a18.14,18.14,0,0,1-1.707-2.966c-.027-.06-.052-.119-.077-.179.091.211.012.029-.021-.054-.049-.121-.1-.244-.14-.368-.089-.244-.168-.492-.235-.742s-.119-.478-.161-.721c-.01-.057-.019-.115-.028-.172l-.006-.043c-.013-.086.012.122.016.112a.363.363,0,0,0-.013-.107q-.02-.176-.03-.351a5.282,5.282,0,0,1,.005-.7c0-.051.009-.1.014-.154l.01-.082c.012-.113-.03.2-.009.065.018-.114.039-.228.064-.34a4.517,4.517,0,0,1,.2-.642c.047-.121-.066.15-.028.064l.033-.075c.026-.056.053-.113.08-.168.052-.1.109-.2.17-.3s.128-.2.2-.294l.052-.07c-.14.194-.072.093-.035.047s.085-.1.129-.154a5.2,5.2,0,0,1,.551-.539c.05-.042.1-.084.152-.125.111-.088-.1.075-.035.026l.092-.069c.117-.085.236-.166.358-.243.173-.109.35-.212.534-.3.093-.046.189-.086.281-.132-.008,0-.155.062-.054.023l.07-.028c.051-.02.1-.039.155-.056a4.2,4.2,0,0,1,.555-.151l.131-.024.065-.01c.1-.018-.079.01-.079.01a1.236,1.236,0,0,1,.286-.025,3.885,3.885,0,0,1,.507.007l.119.011c.146.014-.172-.028-.029,0,.082.013.163.028.245.045a4.046,4.046,0,0,1,.456.127c.072.024.141.051.212.078l.052.021c.072.029-.151-.066-.08-.034l.114.052a5.29,5.29,0,0,1,.784.456c.057.04.114.082.169.123.107.079-.136-.108-.032-.025l.09.072c.109.088.215.181.318.276a7.068,7.068,0,0,1,.519.531c.073.083.145.167.216.253l.083.1c.02.025.083.106-.005-.008s-.023-.03,0,0c.082.108.161.219.237.331.026.04.053.079.077.12a.663.663,0,0,0,1.144-.669,7.424,7.424,0,0,0-1.365-1.628,4.943,4.943,0,0,0-6.334-.748,6.559,6.559,0,0,0-1.424,1.144,5.135,5.135,0,0,0-1.321,2.951,7.219,7.219,0,0,0,.426,3.074,15.389,15.389,0,0,0,1.557,3.172,28.834,28.834,0,0,0,2.194,3c.711.863,1.464,1.692,2.243,2.493q.913.938,1.878,1.821c.338.308.677.617,1.037.9a1.435,1.435,0,0,0,.2.152.663.663,0,0,0,.67-1.144Z\" transform=\"translate(-1123.509 -460.714)\"><\/path><\/g><\/g><\/g><\/g><\/g><\/svg>\n        <\/div>\n        <div>\n          <h6>Made with Love<\/h6>\n        <\/div>\n      <\/div>\n    <\/div>\n  <\/div>\n<\/div>\n<style>\n  .img-txt-block2 h6{\n    font-size: 12px;\n    line-height: 20px;\n    letter-spacing: 0px;\n    color: #000000;\n    text-transform: uppercase;\n    margin-bottom: 0;\n  }\n  .img-txt-block2 .img-grid{\n    display: flex;\n    flex-wrap: wrap;\n    padding: 0 11px;\n    margin-bottom: -40px;\n  }\n  .img-txt-block2 .itms-grid{\n    margin-bottom: 40px;\n  }\n  @media(max-width:1023px) and (min-width:768px){\n    .img-txt-block2 h4 {\n      font-size: 20px;\n      line-height: 25px;\n      margin-bottom: 8px;\n    }\n    .img-txt-block2 .img-grid {\n      margin-bottom: -20px;\n    }\n    .img-txt-block2 .itms-grid{\n      margin-bottom: 20px;\n    }\n  }\n  @media(max-width:767px){\n    .img-txt-block2 h6{\n      font-size: 14px;\n    }\n    .img-txt-block2 {\n      padding-bottom: 35px;\n    }\n    .img-txt-block2 .img-grid {\n      margin-bottom: -20px;\n    }\n    .img-txt-block2 .itms-grid{\n      margin-bottom: 20px;\n    }\n  }\n<\/style>"}},"inspired-growth":{"type":"inspired-growth","settings":{"title":"Charms Collection","subtitle":"A collection of meaningful medallions designed to express your own unique story.  Mix and match for a symbolic creation that's truly made for you.","image":"shopify:\/\/shop_images\/inspired-charm.png","layout":"left","collection":"anikas-sustainable-bracelet-charms","show_vendor":true,"show_view_all":true,"view_all_txt":"SHOP ALL"}},"inspired-earth":{"type":"inspired-earth","settings":{"title":"Sustainable Jewelry Inspired by Earth & The Sky","subtitle":"Anika’s Earth & Sky collection is inspired by balance and harmony. Designed to represent the duality of life, each piece reminds us to find balance within while connecting with others to bring peace and harmony into the world.","image":"shopify:\/\/shop_images\/inspired.png","layout":"left","collection":"anikas-earth-sky-diamond-jewelry","show_vendor":true,"show_view_all":true,"view_all_txt":"SHOP ALL"}},"inspired-seed":{"type":"inspired-seed","settings":{"title":"Sustainable Jewelry Inspired By The Seed","subtitle":"Anika’s Seed collection is inspired by growth and connection. Designed to represent the foundation of our environment, each seed is a daily reminder of our connection to the earth and our desire to grow and flourish.","image":"shopify:\/\/shop_images\/inspired_177b8fec-fdaf-4e7c-8adb-40667629f924.png","layout":"right","collection":"anikas-seed","show_vendor":true,"show_view_all":true,"view_all_txt":"SHOP ALL"}},"about-us-baner":{"type":"about-us-baner","blocks":{"889d6b39-75ed-4236-a692-73769f1454cc":{"type":"banner-content","settings":{"enable_banner":true,"banner_large":"shopify:\/\/shop_images\/about-us.png","banner_small":"shopify:\/\/shop_images\/about-us_mob.png","horizontal_alignment":"center","text_align":"center","bg_color":"#ffffff","color":"rgba(0,0,0,0)","max-width":"400","title":"#MFYDIAMONDS","subtitle":"","button_label":""}}},"block_order":["889d6b39-75ed-4236-a692-73769f1454cc"],"settings":{}},"about-us-feature1":{"type":"about-us-feature1","settings":{"image":"shopify:\/\/shop_images\/diamond_about.png","bgcolor":"#eec4b2","layout":"right","title":"","text":"","button_label":"","html":"<div class=\"img-txt-block1\">\n  <div class=\"text-center\">\n    <svg xmlns=\"http:\/\/www.w3.org\/2000\/svg\" width=\"92\" height=\"92\" viewbox=\"0 0 92 92\"><g transform=\"translate(-273 -2495)\"><rect class=\"a\" width=\"92\" height=\"92\" transform=\"translate(273 2495)\"><\/rect><g transform=\"translate(-43 71.181)\"><g transform=\"matrix(0.879, 0.475, -0.477, 0.88, 365.204, 2419)\"><path d=\"M17.127,4.148C13.406.431,6.122,0,.967,0A.967.967,0,0,0,0,.966C0,6.117.429,13.394,4.151,17.112a9.013,9.013,0,0,0,6.366,2.271,9.653,9.653,0,0,0,6.61-2.273C19.9,14.341,20.408,7.424,17.127,4.148Zm-1.368,11.6c-2.07,2.066-7.817,2.42-10.239,0-3-3-3.525-9.1-3.581-13.807,4.712.056,10.815.576,13.819,3.577C18.182,7.936,17.828,13.68,15.76,15.746Z\" transform=\"matrix(0.996, 0.092, -0.093, 0.996, 7.363, 7.018)\"><\/path><path d=\"M22.53,0c-6.3,0-15.2.524-19.751,5.069-4.01,4-3.388,12.458,0,15.843,1.766,1.762,4.906,2.776,8.076,2.776a11.027,11.027,0,0,0,7.783-2.773c4.546-4.545,5.074-13.439,5.074-19.734A1.182,1.182,0,0,0,22.53,0ZM16.962,19.243c-2.96,2.957-9.986,2.525-12.514,0s-2.96-9.546,0-12.5c3.672-3.669,11.131-4.3,16.89-4.372C21.27,8.124,20.634,15.577,16.962,19.243Z\" transform=\"matrix(0.995, -0.097, 0.098, 0.995, 22.756, 9.416)\"><\/path><path class=\"b\" d=\"M.929,10.207C1.445,7.835,1.981,2.474,0,0\" transform=\"matrix(0.88, -0.475, 0.477, 0.879, 13.637, 14.399)\"><\/path><path class=\"b\" d=\"M0,5.3A12.839,12.839,0,0,1,11.144.044\" transform=\"matrix(0.88, -0.475, 0.477, 0.879, 28.396, 21.49)\"><\/path><\/g><g class=\"c\" transform=\"translate(322 2443.695)\"><ellipse class=\"d\" cx=\"33.153\" cy=\"33.063\" rx=\"33.153\" ry=\"33.063\"><\/ellipse><ellipse class=\"e\" cx=\"33.153\" cy=\"33.063\" rx=\"32.153\" ry=\"32.063\"><\/ellipse><\/g><path d=\"M48.169,12.193,40.43.425A.944.944,0,0,0,39.641,0H8.719a.944.944,0,0,0-.788.423L.18,12.156a.94.94,0,0,0,.054,1.173L4.162,17.8a.943.943,0,0,0,1.42-1.24L3.025,13.65H15.719L22.1,35.369,14.89,27.161a.943.943,0,0,0-1.42,1.24l9.985,11.369a.945.945,0,0,0,1.42,0l15.976-18.2a.943.943,0,0,0-1.42-1.24l-13.2,15.033L32.61,13.65H45.3L39.43,20.335a.943.943,0,0,0,1.42,1.24l7.24-8.246A.939.939,0,0,0,48.169,12.193ZM2.7,11.768l6.02-9.113,5.993,9.113Zm7.769-9.886H22.417l-5.975,9.087Zm13.7.775,5.991,9.111H18.174Zm0,33.051L17.686,13.65H30.643ZM31.9,10.993,25.912,1.882H37.894Zm1.747.775,5.991-9.111,5.991,9.111Z\" transform=\"translate(331.296 2459.824)\"><\/path><path d=\"M11.661,5.344A4.414,4.414,0,0,1,7.246.941a.944.944,0,0,0-1.887,0,4.414,4.414,0,0,1-4.415,4.4.941.941,0,1,0,0,1.882,4.414,4.414,0,0,1,4.415,4.4.944.944,0,0,0,1.887,0,4.414,4.414,0,0,1,4.415-4.4.941.941,0,1,0,0-1.882ZM6.3,8.324A6.343,6.343,0,0,0,4.258,6.285,6.342,6.342,0,0,0,6.3,4.246,6.343,6.343,0,0,0,8.347,6.285,6.343,6.343,0,0,0,6.3,8.324Z\" transform=\"translate(334.471 2477.163)\"><\/path><path d=\"M1.611.276A.944.944,0,0,0,0,.941.944.944,0,1,0,1.611.276Z\" transform=\"translate(367.699 2483.017)\"><\/path><\/g><\/g><\/svg>\n    <h4>DIAMONDS *WITHOUT* COMPROMISE<\/h4>\n    <p>#MFYDiamonds are sustainably lab grown, eleminating the detrimental effects of mining while saving water, reducing waste and eliminating emissions.<\/p>\n  <\/div>\n<\/div>\n\n<style>\n  .home-text-img .img-txt-block1 h4{\n    font-size: 24px;\n    line-height: 29px;\n    letter-spacing: 0px;\n    color: #000000;\n  }\n  .home-text-img .img-txt-block1 p{\n    font-size: 14px;\n    font-weight: 500;\n    line-height: 24px;\n    color: #000000;\n    text-transform: uppercase;\n    letter-spacing: 0px;\n  }\n  .home-text-img .img-txt-block1 .btn{\n    background-color: #000000;\n    color: #eec4b2;\n  }\n  .img-txt-block1 svg .a{fill:#fff;opacity:0;}.img-txt-block1 svg .b,.img-txt-block1 svg .e{fill:none;}.img-txt-block1 svg .b,.img-txt-block1 svg .c{stroke:#000;stroke-width:2px;}.img-txt-block1 svg .b{stroke-linecap:round;}.img-txt-block1 svg .c{fill:#eec4b2;}.img-txt-block1 svg .d{stroke:none;}\n  @media(min-width:1240px){\n    .home-text-img .img-txt-block1 h4{\n      max-width: 200px;\n      margin: 0 auto 10px;\n    }\n  }\n  @media(min-width:1025px){\n    .home-text-img .img-txt-block1 {\n      padding: 0 40px;\n    }\n  }\n  @media(max-width:767px){\n    .home-text-img .img-txt-block1 h4{\n      font-size: 22px;\n      line-height: 27px;\n    }\n  }\n  @media(max-width:1023px) and (min-width:768px){\n    .img-txt-block1 svg{\n      width: 60px;\n      height: 60px;\n    }\n    .home-text-img .img-txt-block1 h4 {\n      font-size: 20px;\n      margin-bottom: 4px;\n    }\n    .home-text-img .img-txt-block1 p {\n      font-size: 11px;\n      line-height: 20px;\n      margin-bottom: 10px;\n    }\n  }\n<\/style>"}},"about-us-feature2":{"type":"about-us-feature2","settings":{"image":"shopify:\/\/shop_images\/mfydiamond_about.png","bgcolor":"#eec4b2","layout":"left","title":"","text":"","button_label":"","html":"<div class=\"img-txt-block2\">\n  <div class=\"text-left\">\n    <h4 class=\"small--text-center\">#MFYDIAMONDS<\/h4>\n    <div class=\"img_grid\">\n      <div class=\"grid\">\n        <div class=\"grid__item small--one-whole small--text-center medium-up--one-fifth\">\n          <svg xmlns=\"http:\/\/www.w3.org\/2000\/svg\" width=\"67\" height=\"67\" viewbox=\"0 0 67 67\"><g transform=\"translate(-768 -3104)\"><rect class=\"a\" width=\"67\" height=\"67\" transform=\"translate(768 3104)\"><\/rect><g transform=\"translate(771 3107)\"><g transform=\"translate(43.732 47.631) rotate(180)\"><path d=\"M17.276,32.286c-1.014,1.183-1.927,2.231-2.637,3.11-.034.068-.1.1-.135.135a.863.863,0,0,1-1.217-.135c-.71-.879-1.623-1.927-2.637-3.11C6.187,27.113,0,19.946,0,13.962A13.9,13.9,0,0,1,4.091,4.091,14.04,14.04,0,0,1,13.962,0,13.966,13.966,0,0,1,27.925,13.962C27.925,19.946,21.738,27.113,17.276,32.286ZM22.617,5.342A12.221,12.221,0,0,0,1.724,13.962c0,5.342,5.95,12.238,10.244,17.208.71.845,1.386,1.623,1.995,2.367.609-.744,1.285-1.521,1.995-2.333C20.251,26.234,26.2,19.372,26.2,14A12.3,12.3,0,0,0,22.617,5.342Z\"><\/path><g transform=\"translate(4.8 4.463)\"><path d=\"M9.229,1.69A7.5,7.5,0,0,0,1.69,9.229a.837.837,0,0,1-.845.845A.837.837,0,0,1,0,9.229,9.335,9.335,0,0,1,2.7,2.671,9.248,9.248,0,0,1,9.229,0a.837.837,0,0,1,.845.845A.837.837,0,0,1,9.229,1.69Z\"><\/path><\/g><\/g><g class=\"b\" transform=\"translate(60.2 60.2) rotate(180)\"><circle class=\"c\" cx=\"30.1\" cy=\"30.1\" r=\"30.1\"><\/circle><circle class=\"d\" cx=\"30.1\" cy=\"30.1\" r=\"29.1\"><\/circle><\/g><\/g><\/g><\/svg>\n        <\/div>\n        <div class=\"grid__item small--one-whole small--text-center medium-up--four-fifths\">\n          <div>\n            <h6>SAVE WATER<\/h6>\n            <p>Save 9 gallons of water*<\/p>\n          <\/div>\n        <\/div>\n      <\/div>\n      <div class=\"grid\">\n        <div class=\"grid__item small--one-whole small--text-center medium-up--one-fifth\">\n          <svg xmlns=\"http:\/\/www.w3.org\/2000\/svg\" width=\"67\" height=\"67\" viewbox=\"0 0 67 67\"><g transform=\"translate(-768 -3185)\"><rect class=\"a\" width=\"67\" height=\"67\" transform=\"translate(768 3185)\"><\/rect><g transform=\"translate(771 3188)\"><g class=\"b\" transform=\"translate(60.2 60.2) rotate(180)\"><circle class=\"c\" cx=\"30.1\" cy=\"30.1\" r=\"30.1\"><\/circle><circle class=\"d\" cx=\"30.1\" cy=\"30.1\" r=\"29.1\"><\/circle><\/g><\/g><g transform=\"translate(816.32 3234.302) rotate(180)\"><path d=\"M21.362,0H3.446A3.41,3.41,0,0,0,0,3.365V22.207a.681.681,0,0,0,.689.673H24.119a.681.681,0,0,0,.689-.673V3.365A3.41,3.41,0,0,0,21.362,0ZM1.378,21.535V3.365A2.046,2.046,0,0,1,3.446,1.346H21.362a2.046,2.046,0,0,1,2.067,2.019v18.17Z\" transform=\"translate(2.756)\"><\/path><path d=\"M29.631,0H.689A.681.681,0,0,0,0,.673V3.365A3.41,3.41,0,0,0,3.446,6.73H26.875A3.41,3.41,0,0,0,30.32,3.365V.673A.681.681,0,0,0,29.631,0ZM1.378,1.346H28.942V3.365a2.046,2.046,0,0,1-2.067,2.019H3.446A2.046,2.046,0,0,1,1.378,3.365Z\" transform=\"translate(0 21.534)\"><\/path><path d=\"M10.337,0H.689A.681.681,0,0,0,0,.673V3.365A2.046,2.046,0,0,0,2.067,5.384H8.958a2.046,2.046,0,0,0,2.067-2.019V.673A.681.681,0,0,0,10.337,0ZM1.378,1.346H9.647V3.365a.682.682,0,0,1-.689.673H2.067a.682.682,0,0,1-.689-.673Z\" transform=\"translate(9.647 26.918)\"><\/path><path d=\"M.689,0A.681.681,0,0,0,0,.673V11.44a.681.681,0,0,0,.689.673.681.681,0,0,0,.689-.673V.673A.681.681,0,0,0,.689,0Z\" transform=\"translate(8.269 5.384)\"><\/path><path d=\"M.689,0A.681.681,0,0,0,0,.673V11.44a.681.681,0,0,0,.689.673.681.681,0,0,0,.689-.673V.673A.681.681,0,0,0,.689,0Z\" transform=\"translate(14.471 5.384)\"><\/path><path d=\"M.689,0A.681.681,0,0,0,0,.673V11.44a.681.681,0,0,0,.689.673.681.681,0,0,0,.689-.673V.673A.681.681,0,0,0,.689,0Z\" transform=\"translate(20.673 5.384)\"><\/path><\/g><\/g><\/svg>\n        <\/div>\n        <div class=\"grid__item small--one-whole small--text-center medium-up--four-fifths\">\n          <div>\n            <h6>REDUCE WASTE<\/h6>\n            <p>Save 1056 pounds of mineral waste*<\/p>\n          <\/div>\n        <\/div>\n      <\/div>\n      <div class=\"grid\">\n        <div class=\"grid__item small--one-whole small--text-center medium-up--one-fifth\">\n          <svg xmlns=\"http:\/\/www.w3.org\/2000\/svg\" width=\"67\" height=\"67\" viewbox=\"0 0 67 67\"><g transform=\"translate(-768 -3266)\"><rect class=\"a\" width=\"67\" height=\"67\" transform=\"translate(768 3266)\"><\/rect><g transform=\"translate(771 3269)\"><g transform=\"translate(47.631 38.912) rotate(180)\"><path d=\"M29.374,0H6.349A6.344,6.344,0,0,0,1.881,1.832a6.2,6.2,0,0,0,0,8.894A6.351,6.351,0,0,0,5.3,12.473q0,.042,0,.086a8.382,8.382,0,0,0,8.373,8.373,8.287,8.287,0,0,0,4.758-1.491,8.386,8.386,0,0,0,2.413-2.585,6.278,6.278,0,0,0,9.5-4.371,6.349,6.349,0,0,0,3.5-1.759,6.2,6.2,0,0,0,0-8.894A6.344,6.344,0,0,0,29.374,0ZM6.349,10.466A4.226,4.226,0,0,1,2.093,6.279,4.226,4.226,0,0,1,6.349,2.093H29.374A4.226,4.226,0,0,1,33.63,6.279a4.226,4.226,0,0,1-4.256,4.186H28.327v1.047A4.182,4.182,0,0,1,21.211,14.5L20.084,13.39l-.58,1.469A6.271,6.271,0,0,1,7.4,12.559a5.668,5.668,0,0,1,.08-.794l.187-1.3Z\"><\/path><\/g><g class=\"b\" transform=\"translate(60.2 60.2) rotate(180)\"><circle class=\"c\" cx=\"30.1\" cy=\"30.1\" r=\"30.1\"><\/circle><circle class=\"d\" cx=\"30.1\" cy=\"30.1\" r=\"29.1\"><\/circle><\/g><\/g><\/g><\/svg>\n        <\/div>\n        <div class=\"grid__item small--one-whole small--text-center medium-up--four-fifths\">\n          <div>\n            <h6>ELIMINATE EMISSIONS<\/h6>\n            <p>Avoid 11400 grams of carbon emissions*<\/p>\n          <\/div>\n        <\/div>\n      <\/div>\n      <div class=\"grid\">\n        <div class=\"grid__item small--one-whole small--text-center medium-up--one-fifth\">\n          <svg xmlns=\"http:\/\/www.w3.org\/2000\/svg\" width=\"67\" height=\"67\" viewbox=\"0 0 67 67\"><g transform=\"translate(-768 -3350)\"><rect class=\"a\" width=\"67\" height=\"67\" transform=\"translate(768 3350)\"><\/rect><g transform=\"translate(771 3353)\"><g class=\"b\" transform=\"translate(60.2 60.2) rotate(180)\"><circle class=\"c\" cx=\"30.1\" cy=\"30.1\" r=\"30.1\"><\/circle><circle class=\"d\" cx=\"30.1\" cy=\"30.1\" r=\"29.1\"><\/circle><\/g><g transform=\"translate(15.649 13.488)\"><path d=\"M23.263,24.765a8.712,8.712,0,0,1-2.78,5.176,9.178,9.178,0,0,1-12.291,0,8.713,8.713,0,0,1-2.78-5.176A8.825,8.825,0,0,1,0,16.691,8.925,8.925,0,0,1,9.019,7.883a9.182,9.182,0,0,1,4.349,1.092V0h1.938V8.975a9.182,9.182,0,0,1,4.349-1.092,8.925,8.925,0,0,1,9.019,8.808A8.825,8.825,0,0,1,23.263,24.765ZM19.655,9.776a7.182,7.182,0,0,0-4.349,1.459v5.788l4.346,2.232-.9,1.675-3.444-1.769v3.726H13.368V14.966L9.924,16.735l-.9-1.675,4.346-2.232V11.235A7.182,7.182,0,0,0,9.019,9.776,6.9,6.9,0,0,0,6.637,23.2l.593.207.047.613a6.826,6.826,0,0,0,2.236,4.532,7.206,7.206,0,0,0,9.649,0A6.826,6.826,0,0,0,21.4,24.024l.047-.613.593-.207A6.9,6.9,0,0,0,19.655,9.776Z\" transform=\"translate(28.674 32.302) rotate(180)\"><\/path><\/g><\/g><\/g><\/svg>\n        <\/div>\n        <div class=\"grid__item small--one-whole small--text-center medium-up--four-fifths\">\n          <div>\n            <h6>One Tree Planted<\/h6>\n            <p>Through our partnership with ONE TREE PLANTED, your puchase plants a new tree.<\/p>\n          <\/div>\n        <\/div>\n      <\/div>\n    <\/div>\n    <p class=\"text-center disclaimer\">* Based on 1ct MFY Lab Diamond vs Mined Diamond<\/p>\n  <\/div>\n<\/div>\n<style>\n  .img-txt-block2 h4{\n    font-size: 24px;\n    line-height: 29px;\n    letter-spacing: 0px;\n    color: #000000;\n  }\n  .img-txt-block2 .img_grid h6{\n    font-size: 16px;\n    line-height: 15px;\n    letter-spacing: 0px;\n    color: #000000;\n    text-transform: uppercase;\n    margin-bottom: 4px;\n  }\n  .img-txt-block2 .img_grid p{\n    font-size: 12px;\n    font-weight: 500;\n    line-height: 15px;\n    letter-spacing: 0px;\n    color: #000000;\n    text-transform: uppercase;\n  }\n  .img-txt-block2 .disclaimer{\n    font-size: 12px;\n    font-weight: 500;\n    line-height: 20px;\n    letter-spacing: 0px;\n    color: #000000;\n    text-transform: uppercase;\n    margin-top: 20px;\n  }\n  .img-txt-block2 svg .a{fill:#fff;opacity:0;}.img-txt-block2 svg .b,.img-txt-block2 svg .d{fill:none;}.img-txt-block2 svg .b{stroke:#000;stroke-width:2px;}.img-txt-block2 svg .c{stroke:none;}\n  @media(max-width:767px){\n    .img-txt-block2 .img_grid p {\n      margin-bottom: 14px;\n    }\n  }\n  @media(min-width:768px){\n    .img-txt-block2 .img_grid .grid{\n      display: flex;\n      align-items: center;\n    }\n  }\n  @media(max-width:1023px) and (min-width:768px){\n    .img-txt-block2 h4 {\n      font-size: 20px;\n      line-height: 25px;\n      margin-bottom: 8px;\n    }\n    .img-txt-block2 .img_grid svg{\n      width: 42px;\n      height: 42px;\n    }\n    .img-txt-block2 .img_grid h6 {\n      font-size: 14px;\n    }\n    .img-txt-block2 .img_grid p {\n      font-size: 10px;\n    }\n    .img-txt-block2 .disclaimer {\n      font-size: 10px;\n      margin-top: 6px;\n    }\n  }\n<\/style>"}},"about-us-feature3":{"type":"about-us-feature3","settings":{"image":"shopify:\/\/shop_images\/Mask_Group_92_2x_1e77584a-dece-4ee4-a3e1-d9f233c7fd46.png","bgcolor":"#eec4b2","layout":"right","title":"","text":"","button_label":"","html":"<div class=\"img-txt-block3\">\n  <div class=\"text-center\">\n    <h4>MADE FOR YOU<\/h4>\n    <div class=\"txt-block3-x\">\n      <img class=\"lazyload\" data-src=\"https:\/\/cdn.shopify.com\/s\/files\/1\/0411\/6437\/4183\/files\/X.png?v=1616758809\" data-sizes=\"auto\">\n    <\/div>\n    <img class=\"lazyload\" data-src=\"https:\/\/cdn.shopify.com\/s\/files\/1\/0411\/6437\/4183\/files\/Background.png?v=1616755987\" data-sizes=\"auto\">\n    <p>Our partnership with One Tree Planted plants a NEW tree with every purchase you make.<br><br> Together, we aim to plant 10,000 trees to aid reforestation while also improving education, healthcare, humanitarian relief, and animal welfare.<\/p>\n  <\/div>\n<\/div>\n\n<style>\n  .home-text-img .img-txt-block3 h4{\n    font-size: 24px;\n    line-height: 29px;\n    letter-spacing: 0px;\n    color: #000000;\n  }\n  .home-text-img .txt-block3-x{\n    max-width: 35px;\n    margin: 0 auto;\n  }\n  .home-text-img .img-txt-block3 p{\n    font-size: 14px;\n    font-weight: 500;\n    line-height: 24px;\n    color: #000000;\n    text-transform: uppercase;\n    letter-spacing: 0px;\n    margin-top: 20px;\n  }\n  .home-text-img .img-txt-block3 .btn{\n    background-color: #000000;\n    color: #eec4b2;\n  }\n  @media(min-width:1025px){\n    .home-text-img .img-txt-block3 {\n      padding: 0 10px;\n    }\n  }\n  @media(max-width:767px){\n    .home-text-img .img-txt-block3 h4{\n      font-size: 22px;\n      line-height: 27px;\n    }\n  }\n  @media(max-width:1023px) and (min-width:768px){\n    .home-text-img .img-txt-block3 h4 {\n      font-size: 20px;\n      margin-bottom: 4px;\n    }\n    .home-text-img .img-txt-block3 p {\n      font-size: 11px;\n      line-height: 20px;\n      margin-bottom: 10px;\n    }\n  }\n<\/style>"}},"about-us-collection":{"type":"about-us-collection","settings":{"title":"FAVORITE #MFYDIAMONDS","collection":"diamond-jewelry-best-sellers","grid":4,"rows":2,"show_vendor":true,"show_view_all":true,"view_all_txt":"SHOP ALL"}},"anika-testimonial":{"type":"anika-testimonial","settings":{"title":"Our universe relies on balance and harmony and we must do our part to  protect this fragile  connection","text_with_title":"MFY X ANIKA","bgcolor":"#f6f9f9"}},"about-text-section":{"type":"about-text-section","settings":{"title":"MADE FOR YOU was founded to CREATE Beautiful Diamond jewelry with a conscious SPARKLE. From conflict-free production, sustainable materials & our partnership with One Tree Planted, we’re here to help create a cleaner and brighter future – with you.","bgcolor":""}},"161707757606b0a692":{"type":"collection","disabled":true,"settings":{"title":"MFY X Anika","collection":"diamond-jewelry-for-anniversary","grid":4,"rows":1,"show_vendor":true,"show_view_all":true,"view_all_txt":"SHOP ALL"}},"161716660903358f43":{"type":"inspired-collection","settings":{"title":"MFY X ANIKA","subtitle":"","image":"shopify:\/\/shop_images\/anika_coll.png","layout":"left","collection":"shop-black-friday-25-off-anika-jewelry-collection","reversed":true,"show_vendor":true,"show_view_all":true,"view_all_txt":"SHOP ALL"}},"anika-blog":{"type":"anika-blog","settings":{"enable_banner":true,"banner_large":"shopify:\/\/shop_images\/anika-blog.png","banner_small":"shopify:\/\/shop_images\/anika-blog.png","horizontal_alignment":"left","text_align":"left","bg_color":"#fffbf7","max-width":"","title":"","text_with_title":"","subtitle":"","button_label":"Learn More","button_url":"https:\/\/www.madeforyoubyanika.com"}},"anika-instagram":{"type":"anika-instagram","settings":{"title":"#MFY X Anika - SHOP THE LOOK","sub_title":"FOLLOW US ON INSTAGRAM @madeforyoubyanika"}},"contact-info":{"type":"contact-info","blocks":{"3decd7d5-8e10-4a1a-b9fc-477996d8341d":{"type":"contact-details","settings":{"contact-via":"E-MAIL","contact-info":"mfy@renaissanceglobal.com"}},"326e6e99-2b6f-4845-bcac-386ed7ebdb54":{"type":"contact-details","settings":{"contact-via":"CONTACT NUMBER","contact-info":"(929) 552-3639"}},"fb4fca2c-3da3-49e7-8d49-4c919d4d94b2":{"type":"contact-details","settings":{"contact-via":"TIMINGS","contact-info":"Mon-Fri 8AM TO 8PM EST<br>Sat-Sun 11 AM to 8 PM EST"}}},"block_order":["3decd7d5-8e10-4a1a-b9fc-477996d8341d","326e6e99-2b6f-4845-bcac-386ed7ebdb54","fb4fca2c-3da3-49e7-8d49-4c919d4d94b2"],"settings":{"heading":"You can reach out to us","sub-heading":""}},"blog-template":{"type":"blog-template","settings":{"layout":"grid","blog_show_author":true,"blog_show_date":false}},"1623143428a98cc4d1":{"type":"banner-slider-full__width","blocks":{"b94f623e-8e19-4589-9466-58c213d749ad":{"type":"banner-content","settings":{"enable_banner":true,"banner_large":"shopify:\/\/shop_images\/ONE_TREE_PLANTED_BANNER_PDP.png","banner_small":"shopify:\/\/shop_images\/ONE_TREE_PLANTED_BANNER_revised_mobile_35a1e152-8de6-47b4-8873-c0f251485078.jpg","horizontal_alignment":"left","text_align":"left","bg_color":"","color":"","max-width":"","text_with_title":"","title":"","subtitle":"","button_label":"","button_url":"shopify:\/\/collections\/all"}}},"block_order":["b94f623e-8e19-4589-9466-58c213d749ad"],"settings":{}}},"content_for_index":["1616407281a5c69b29","1623143428a98cc4d1","collection","1616058964f3a28e14","161707757606b0a692","161716660903358f43","feature-row","1615978458d7b81361","1615978307c89ddff0","16159802754ea87142","1616134727d55e8773"]},"presets":{"Default":{"sections":{"header":{"type":"header","settings":{}},"hero-1":{"type":"hero","settings":{"hero_size":"large","text_size":"large"}},"feature-row":{"type":"feature-row","settings":{}},"feature-columns":{"type":"feature-columns","blocks":{"feature-columns-0":{"type":"text_block","settings":{}},"feature-columns-1":{"type":"text_block","settings":{}},"feature-columns-2":{"type":"text_block","settings":{}}},"block_order":["feature-columns-0","feature-columns-1","feature-columns-2"],"settings":{"title":""}},"collection":{"type":"collection","settings":{"grid":4}},"hero-2":{"type":"hero","settings":{"text_size":"large"}},"quotes":{"type":"quotes","blocks":{"quotes-0":{"type":"quote","settings":{}},"quotes-1":{"type":"quote","settings":{}},"quotes-2":{"type":"quote","settings":{}}},"block_order":["quotes-0","quotes-1","quotes-2"],"settings":{"title":""}},"image-bar":{"type":"image-bar","blocks":{"image-bar-0":{"type":"image","settings":{}},"image-bar-1":{"type":"image","settings":{}},"image-bar-2":{"type":"image","settings":{}}},"block_order":["image-bar-0","image-bar-1","image-bar-2"],"settings":{}},"footer":{"type":"footer","blocks":{"footer-0":{"type":"link_list","settings":{}},"footer-1":{"type":"newsletter","settings":{}}},"block_order":["footer-0","footer-1"],"settings":{"show_payment_icons":true}}},"content_for_index":["hero-1","feature-row","feature-columns","collection","hero-2","quotes","image-bar"]},"Light":{"color_text":"#162950","color_body_text":"#6d6d6d","color_sale_text":"#DA2F0C","color_borders":"#e4e4e4","color_button":"#DA2F0C","color_button_text":"#ffffff","color_small_button_text_border":"#162950","color_text_field":"#ffffff","color_text_field_text":"#162950","color_text_field_border":"#909090","color_image_overlay_text":"#ffffff","color_image_overlay":"#3d3d3d","image_overlay_opacity":40,"color_body_bg":"#f8f8f8","type_header_font":"muli_n6","type_header_base_size":26,"type_base_font":"muli_n4","type_base_size":18,"share_facebook":true,"share_twitter":true,"share_pinterest":true,"social_twitter_link":"","social_facebook_link":"","social_pinterest_link":"","social_instagram_link":"","social_tumblr_link":"","social_snapchat_link":"","social_youtube_link":"","social_vimeo_link":"","favicon":"","checkout_header_image":"","checkout_logo_image":"","checkout_logo_position":"left","checkout_logo_size":"small","checkout_body_background_image":"","checkout_body_background_color":"#ffffff","checkout_input_background_color_mode":"white","checkout_sidebar_background_image":"","checkout_sidebar_background_color":"#e8f3f6","checkout_heading_font":"Roboto","checkout_body_font":"Source Sans Pro","checkout_accent_color":"#1990c6","checkout_button_color":"#23314e","checkout_error_color":"#ff6d6d","sections":{"header":{"type":"header","settings":{"align_logo":"left","logo":"","logo_max_width":135,"main_linklist":"main-menu"}},"hero":{"type":"hero","settings":{"alignment":"center","hero_size":"x-large","text_size":"large"}},"slideshow":{"type":"slideshow","blocks":{"slideshow-0":{"type":"image","settings":{"image":"","alignment":"center center"}},"1492095993817":{"type":"image","settings":{"image":"","alignment":"center"}}},"block_order":["slideshow-0","1492095993817"],"settings":{"slideshow_height":"medium","text_size":"medium","autorotate":false,"autorotate_speed":5}},"featured-collections":{"type":"collection","settings":{"grid":3,"rows":1,"show_vendor":true,"show_view_all":true}},"product-template":{"type":"product-template","settings":{"show_quantity_selector":false,"show_vendor":false,"show_share_buttons":true,"media_size":"medium","enable_image_zoom":true,"enable_video_looping":false}},"collection-template":{"type":"collection-template","settings":{"layout":"grid","grid":2,"rows":2,"show_collection_image":true,"show_vendor":false,"sort_enable":true,"tags_enable":true}},"1492033809691":{"type":"map","settings":{}},"1492033877875":{"type":"quotes","blocks":{"1492033877875-0":{"type":"quote","settings":{}}},"block_order":["1492033877875-0"],"settings":{}},"1492033924902":{"type":"custom-content","blocks":{"1492033924902-0":{"type":"text","settings":{"width":"100%","alignment":"center","align_text":"center"}}},"block_order":["1492033924902-0"],"settings":{"title":""}},"1492096252560":{"type":"collection-list","blocks":{"1492096252560-0":{"type":"featured_collection","settings":{}},"1492096252560-1":{"type":"featured_collection","settings":{}},"1492096252560-2":{"type":"featured_collection","settings":{}}},"block_order":["1492096252560-0","1492096252560-1","1492096252560-2"],"settings":{"grid":3}},"blog-template":{"type":"blog-template","settings":{"layout":"grid","blog_show_author":true,"blog_show_date":false}},"article-template":{"type":"article-template","settings":{"blog_show_author":true,"blog_show_date":true,"show_share_buttons":true}},"cart-template":{"type":"cart-template","settings":{"cart_notes_enable":false}},"footer":{"type":"footer","blocks":{"link_list":{"type":"link_list","settings":{}},"text":{"type":"text","settings":{}},"newsletter":{"type":"newsletter","settings":{}}},"block_order":["link_list","text","newsletter"],"settings":{"color_footer_bg":"#f8f8f8","color_footer_text":"#6d6d6d"}}},"content_for_index":["hero","featured-collections","slideshow","1492033924902","1492096252560","1492033877875","1492033809691"]}}}