{"current":{"enable_multilang":false,"lange_1":"English","lange_2":"German","display_sticky":true,"display_sticky_mb":true,"display_countdown":true,"bg_sticky":"#fff","color_sticky":"#3c3c3c","color_variants":"#646464","social_facebook_link":"https:\/\/facebook.com\/irasvajewellery","social_twitter_link":"","social_vimeo_link":"","social_instagram_link":"https:\/\/instagram.com\/irasvajewellery","social_google_plus_link":"","social_pinterest_link":"","social_tumblr_link":"","social_snapchat_link":"","social_youtube_link":"","bg_menu_mb":"#fff","border_color_menu_mb":"#e5e5e5","color_menu_mb_lv1":"#34313a","color_menu_mb_lv1_hover":"#0688e2","bg_color_menu_mb_lv1_hover":"#f8f8f8","color_menu_mb_lv2":"#34313a","color_menu_mb_lv2_hover":"#0688e2","color_menu_mb_lv3":"#34313a","color_menu_mb_lv3_hover":"#0688e2","favicon":"","body_font_size":"14","enable_opengraph":true,"image_share":"","enable_backtotop":true,"body_bg":"#fff","body_color":"#ffffff","link_color":"#34313a","link_color_hover":"#aa7f58","display_breadcrumb":true,"breadcrumb_color":"#848484","breadcrumb_text_transform":"capitalize","page_title_font_size":"22","page_title_color":"#34313a","page_title_text_align":"left","enable_sidebar_multiple_choice":true,"product_name_text_transform":"none","product_name_text_align":"left","color_title_product":"#000000","color_title_product_hover":"#232323","color_vendor":"#676767","type_pr_label_sale":"label_sale","sale_text":"#df3242","bg_sale":"#ffffff","custom_label_text":"#323232","custom_label_bg":"#ffffff","bundle_label_text":"#4f4c56","bundle_label_bg":"#ffffff","new_label_text":"#06bfe2","new_label_bg":"#ffffff","sold_out_text":"#c2c2c2","bg_sold_out":"#ffffff","color_price":"#000000","color_price_sale":"#df3242","color_from_text":"#969696","color_compare_price":"#969696","color_quick_view":"#000000","bg_quick_view":"#ffffff","bg_quick_boxshadow":"#afafaf","color_wishlist":"#37353c","enable_hover_image":true,"enable_hover_product_image":true,"use_color_swatch":true,"option_color_swatch":"Color","color_swatch_style":"variant_grouped","btn_1_bg_color":"#f14156","btn_1_border_color":"#f14156","btn_1_text_color":"#fff","btn_1_bg_color_hover":"#000000","btn_1_border_color_hover":"#000000","btn_1_text_color_hover":"#ffffff","btn_2_bg_color":"#37353c","btn_2_border_color":"#37353c","btn_2_text_color":"#ffffff","btn_2_bg_color_hover":"#ffffff","btn_2_border_color_hover":"#37353c","btn_2_text_color_hover":"#37353c","btn_3_bg_color":"#000000","btn_3_border_color":"#000000","btn_3_text_color":"#ffffff","display_popup_newsletter":false,"popup_newsletter_delay":"5","popup_newsletter_expire":"2","newsletter_img":"","popup_newsletter_title":"Join Our Mailing List","popup_newsletter_des":"Enter your email below to receive special offers, exclusive \ndiscounts and more!","display_newsletter_text_note":true,"popup_newsletter_text_note":"Do not display again","newssletter_success_text":"You have successfully subscribed!","display_popup_social":true,"color_social_newl":"#646464","social_color_hover_newl":"#eb2c3c","enable_wishlist":true,"enable_wishlist_mb":false,"image_swap":true,"product_image_border":false,"product_image_border_color":"#e6e6e6","product_image_resize":false,"product_image_crop":false,"product_image_height":"","show_vendor":false,"display_product_reviews":true,"display_item_size":false,"display_item_swatch":false,"display_button":false,"collection_infinite_scrolling":false,"enable_quick_view":false,"qv_display_product_reviews":true,"qv_show_sold_in":false,"qv_item_prd":"3,5,6,7,8,10,12,15","qv_item_prds":"sold in last","qv_hours_prs":"10,15,16,17,18,20,25,35","qv_item_hours":"hours","display_quickview_vendor":true,"quickview_text_vendor":"Product Vendor","display_quickview_product_sku":false,"text_quickview_product_sku":"SKU:","display_quickview_availability":true,"quickview_text_availability":"Availability","display_quickview_product_type":true,"quickview_text_product_type":"Product Type","quickview_text_countdown":"Limited-Time Offers, End in:","display_quickview_short_desc":true,"display_quickview_subtotal":true,"dpl_customers_view_qv":true,"title_view_qv":"customers are viewing this product","number_view_qv":"283, 100, 59, 11, 14, 185, 193, 165, 50, 38, 99, 112, 46, 10, 125, 200, 250, 18","display_product_detail_share":true,"display_size_chart":true,"display_size_chart_at":"Size","size_guide_text":"Size Chart","custom_size_chart_header":"Guide to watch case sizing","color_title_sc":"#fff","back_title_sc":"#37353c","custom_size_chart_content":"Use this guide to help understand how different watch case sizes will look on your wrist","color_sub_title_sc":"#37353c","back_sub_title_sc":"#f0f0f0","size_chart":"product_type","custom_size_chart":"","ajax_popup_cart":"none","show_shipping_calculator":false,"shipping_calculator_heading":"Get shipping estimates","shipping_calculator_default_country":"United States","display_trust_img":false,"img_trust":"","register_text_desc":"Sign up for a free account at WATCHTICA","login_text_desc":"Register with us for a faster checkout, to track the status of your order and more.","search_1":"Your search for | Ihre Suche nach","search_2":"did not yield any results. | hat keine Ergebnisse hervorgebracht.","search_3":"Your search for | Ihre Suche nach","search_4":"revealed the following: | hat folgende Ergebnisse hervorgebracht:","enable_search_trending":false,"trending_search_title":"trending","trending_search_item_1":"Mango","trending_search_item_2":"Anna","trending_search_item_3":"Burberry","trending_search_item_4":"Namdos Hempus","trending_search_item_5":"Paul Smith","trending_search_item_6":"Coco Lee","enable_search_popular_products":false,"popular_products_search_title":"Popular Products","popular_products_collection":"","popular_products_limit":3,"enable_shopify_payments_currencies":false,"enable_multiple_currencies":false,"enable_auto_currency":false,"currency_1_unit":"USD","currency_2_unit":"EUR","currency_3_unit":"GBP","currency_4_unit":"CHF","currency_5_unit":"","currency_6_unit":"","currency_7_unit":"","currency_8_unit":"","currency_9_unit":"","currency_10_unit":"","font_2":"shopify_fonts","fonts_name_2":"Muli","header_font_new":"muli_n4","font":"shopify_fonts","fonts_name":"Muli","base_font_new":"muli_n4","checkout_header_image":"","checkout_logo_image":"shopify:\/\/shop_images\/Logo-_1.png","checkout_logo_position":"left","checkout_logo_size":"medium","checkout_body_background_image":"","checkout_body_background_color":"#fff","checkout_input_background_color_mode":"white","checkout_sidebar_background_image":"","checkout_sidebar_background_color":"#f5f5f5","checkout_heading_font":"Roboto","checkout_body_font":"Roboto","checkout_accent_color":"#bb997a","checkout_button_color":"#2e2924","checkout_error_color":"#e32c2b","currency_1_unit_name":"dollar","currency_2_unit_name":"euro","currency_3_unit_name":"pound","currency_4_unit_name":"franc","currency_5_unit_name":"","currency_6_unit_name":"","currency_7_unit_name":"","currency_8_unit_name":"","currency_9_unit_name":"","currency_10_unit_name":"","type_label_sale":"label_sale","infinity_scroll_feature":true,"product_layout":"default","footer_layout":"default","password_layout":"default","color_menu_mb":"#323232","newsletter":"shopify:\/\/shop_images\/newsletter-compressor.png","enable_ask_an_expert":true,"ask_an_expert":"Have Questions? Ask An Expert","ask_an_expert_header":"Have Questions?","ask_an_expert_title":"Ask the Fashion Expert anything on Ella Boutique","ask_an_expert_des":"We will follow up with you via email within 24-36 hours","ask_an_expert_questions":"Please answer the following questionnaire","enable_ask_do_you_need":true,"ask_do_you_need":"Do You Need","ask_do_you_need_1":"Pricing","ask_do_you_need_2":"Answers","ask_do_you_need_3":"Both","ask_form_mess":"What can i help you with today ?","enable_how_would_you_like_me_to_contact_you":true,"how_would_you_like_me_to_contact_you":"How would you like me to contact you?","contact_with_you_1":"Phone","contact_with_you_2":"Email","contact_with_you_3":"Both","cart_popup_related_title":"You May Also Like","secure_text":"Secure Shopping Guarantee.","category_layout":"default","bg_wishlist":"#ffe5e5","layout_body":"default","bg_body_boxed":"#f8f8f8","header_layout":"default","list_collections_layout":"collections_01_grid","blog_layout":"default","sections":{"header":{"type":"header","settings":{"bg_search_color_input":"#ffffff","search_color_input":"#6e6e6e","bg_search_color_btn":"#9f9aab","search_color_btn":"#fff","search_btn_border_color":"#8c8798","bg_cart_color":"rgba(0,0,0,0)","cart_border_color":"rgba(0,0,0,0)","cart_color":"rgba(0,0,0,0)","dropdowncart_type":"hover","dropdown_bck":"#ffffff","dropdown_color":"#34313a","bck_menu_mb":"rgba(0,0,0,0)","text_menu_mb":"rgba(0,0,0,0)","back_item_cart":"rgba(0,0,0,0)","color_item_cart":"rgba(0,0,0,0)"}},"navigation":{"type":"navigation","blocks":{"1566974888022":{"type":"style_1","settings":{"megamenu_items_1":"Jewelry","title_featured_product":"","featured_product_1_1":"","featured_product_2_1":"","featured_product_3_1":"","banner_first_style_1":"","link_banner_first_style_1":"#"}}},"block_order":["1566974888022"],"settings":{"display_fixtop_menu":true,"logo_fix":"shopify:\/\/shop_images\/Logo.png","bg_menu":"rgba(0,0,0,0)","bg_dropdown_menu":"#fff","color_menu_lv1":"#34313a","hover_color_mnu_lv1":"#aa7f58","font_size_mnu_lv1":"14px","color_menu_lv2":"#2e2924","hover_color_mnu_lv2":"#aa7f58","font_size_mnu_lv2":"14px","color_menu_lv3":"#5f6c72","hover_color_mnu_lv3":"#aa7f58","font_size_mnu_lv3":"14px","enable_sale":false,"lb_sale":"Sale","sale_item":"collections","bg_lb_sale":"#ef6454","color_lb_sale":"#fff","enable_new":true,"lb_new":"New","new_item":"","bg_lb_new":"rgba(0,0,0,0)","color_lb_new":"#aa7f58","enable_hot":false,"lb_hot":"Hot","hot_item":"lookbook","bg_lb_hot":"#ffbb49","color_lb_hot":"#fff","display_megamenu":true}},"footer":{"type":"footer","blocks":{"1565148185763":{"type":"link_list","settings":{"title":"Contact Us","menu":"contact-us"}},"1565149052875":{"type":"link_list","settings":{"title":"Our Story","menu":"about"}}},"block_order":["1565148185763","1565149052875"],"settings":{"footer_newsletter_enable":true,"bg_newsletter_color":"rgba(0,0,0,0)","footer_newsletter_title":"Join our email list","footer_newsletter_title_color":"#bb997a","footer_newsletter_des":"","footer_newsletter_des_color":"#676767","footer_newsletter_input_color":"#ffffff","footer_newsletter_input_bgcolor":"#b5aea5","footer_newsletter_input_bordercolor":"rgba(0,0,0,0)","footer_newsletter_btn_color":"#fff","footer_newsletter_btn_bgcolor":"#aa7f58","footer_newsletter_btn_color_hover":"#ffffff","footer_newsletter_btn_bgcolor_hover":"#aa7f58","footer_linklist_bgcolor":"#645e59","footer_linklist_color_title":"#fff","footer_linklist_color":"#fff","footer_store_location_enable":false,"footer_store_location_title":"Store Location","footer_store_location_des":"<li>9087S Divamus Faucibus Str.,<\/li>\n<li>City name, Postal Code,<\/li>\n<li>CA 90896, United States.<\/li>\n<br>\n<li class=\"call_ft\">Call us at (1800) 000 8808<\/li>\n<li>contact@domain.com<\/li>","footer_social_enable":true,"soicial_color":"#bb997a","soicial_color_hv":"#bb997a","enable":true,"bg_footer_bottom_color":"#000000","footer_bottom_color":"#bb997a","footer_address_code":"© 2020.Made for you","show_payment_icons":true,"footer_payment_bgcolor":"#2e2924","footer_payment_color":"#bb997a","payment_display_visa":true,"payment_display_visa_electron":false,"payment_display_american_express":true,"payment_display_master":true,"payment_display_maestro":false,"payment_display_solo":false,"payment_display_paypal":false,"payment_display_amazon_payments":false,"payment_display_apple_pay":false,"payment_display_bitcoin":false,"payment_display_cirrus":false,"payment_display_dankort":false,"payment_display_diners_club":false,"payment_display_discover":false,"payment_display_dogecoin":false,"payment_display_dwolla":false,"payment_display_forbrugsforeningen":false,"payment_display_interac":false,"payment_display_jcb":false,"payment_display_litecoin":false,"payment_display_stripe":false,"payment_display_sage":false,"payment_display_wallet":false,"icon_visa":"shopify:\/\/shop_images\/visa_logo.png","icon_visa_electron":"","icon_master":"shopify:\/\/shop_images\/mastercard-logo-png-transparent.png","icon_american_express":"shopify:\/\/shop_images\/American_Express-Logo.png","icon_maestro":"","icon_solo":"","icon_paypal":"","icon_amazon_payments":"","icon_apple_pay":"","icon_bitcoin":"","icon_cirrus":"","icon_dankort":"","icon_diners_club":"","icon_discover":"","icon_dogecoin":"","icon_dwolla":"","icon_forbrugsforeningen":"","icon_interac":"","icon_jcb":"","icon_litecoin":"","icon_stripe":"","icon_sage":"","icon_wallet":""}},"someone-purchased":{"type":"someone-purchased","blocks":{"1566555655170":{"type":"image","settings":{"product":"","from_ago":"from Blackburn, UK","time_ago":"20 minutes ago"}},"1566555663399":{"type":"image","settings":{"product":"","from_ago":"from Blackburn, UK","time_ago":"20 minutes ago"}},"1566556651489":{"type":"image","settings":{"product":"","from_ago":"from Blackburn, UK","time_ago":"2 minutes ago"}}},"block_order":["1566555655170","1566555663399","1566556651489"],"settings":{"display_someone-purchased":false,"display_someone-purchased_mb":false,"show_someone-purchased":"right","someone_speed":"7000","text":"Someone recently bought a","time_location_text":"[time] minutes ago, from [location]"}},"GDPR-modal":{"type":"GDPR-modal","settings":{"display_gdpr":false,"show_gdp":"left","bg_color":"#37353c","text_color":"#fff","privacy_policy_color":"#818181","content":"The cookie settings on this website are set to 'allow all cookies' to give you the very best experience. Please click Accept Cookies to continue to use the site.","privacy_policy_text":"privacy policy","privacy_policy_link":"https:\/\/policies.google.com\/","accept_cookies_text":"accept"}},"policy-shipping":{"type":"policy-shipping","blocks":{"1565173016626":{"type":"text","settings":{"icon_policy":"<i class=\"fa fa-globe\" aria-hidden=\"true\"><\/i>","color_icon":"#999999","des_policy":"Worldwide Delivery","color_des":"#646464"}},"1565173142180":{"type":"text","settings":{"icon_policy":"<i class=\"fa fa-gift\" aria-hidden=\"true\"><\/i>","color_icon":"#999999","des_policy":"Gift with Purchase","color_des":"#646464"}},"1565173167055":{"type":"text","settings":{"icon_policy":"<i class=\"fa fa-star\" aria-hidden=\"true\"><\/i>","color_icon":"#999999","des_policy":"Genuine Product Guarantee","color_des":"#646464"}},"1565173249047":{"type":"text","settings":{"icon_policy":"<i class=\"fa fa-usd\" aria-hidden=\"true\"><\/i>","color_icon":"#999999","des_policy":"Money Back Guarantee","color_des":"#646464"}}},"block_order":["1565173016626","1565173142180","1565173167055","1565173249047"],"settings":{"enable":false,"back_policy":"#fff"}},"1565229846311":{"type":"home-slideshow","blocks":{"1565238967542":{"type":"image","settings":{"dpl_slide_img":true,"image_slide":"shopify:\/\/shop_images\/MFY_Homapage_Banner_-_1280_x_654_-_3_opt_2.jpg","image_slide_mb":"shopify:\/\/shop_images\/homepage_mobile_v.jpg","alignment":"left","sub_heading":"","sub_font_size_heading":"","sub_color_heading":"#ffffff","heading":"MADE FOR YOU","font_size_heading":"28px","color_heading":"#41342c","slide-des":"Ethical jewelry made with 100%<br>conflict-free lab-grown diamonds.","font_size_des":"19px","color_des":"#665a55","button_slide":"EXPLORE THE COLLECTION","link":"shopify:\/\/collections\/jewelry","bg_button":"#aa7f58","border_button":"#aa7f58","color_button":"#fff"}},"1565252474080":{"type":"image","settings":{"dpl_slide_img":true,"image_slide":"shopify:\/\/shop_images\/gifts_made_for_U_homepage_banner_desktop_wth_txt.jpg","image_slide_mb":"shopify:\/\/shop_images\/2WTH_TXT.jpg","alignment":"center","sub_heading":"","sub_font_size_heading":"","sub_color_heading":"#ffffff","heading":"GIFTS MADE FOR YOU","font_size_heading":"60px","color_heading":"#645e59","slide-des":"Can you think of anything more heartfelt than a gift that’s made just for you? We can’t either. That’s why we’ve curated a range of gifts that help you make the people you love feel absolutely extraordinary.","font_size_des":"17px","color_des":"#000000","button_slide":"HAVE A LOOK","link":"shopify:\/\/collections\/gifts","bg_button":"#aa7f58","border_button":"#aa7f58","color_button":"#ffffff"}}},"block_order":["1565238967542","1565252474080"],"settings":{"layout":"full","margin_bottom_mb":0,"margin_bottom_tab":74,"margin_bottom":120,"autoplay":false,"slideshow_speed":"6000","slideshow_transition":"false","dots":"true","dots_color":"#d0d3d2","dots_active_color":"#aa7f58","dots_opacity":false,"arrow_color":"rgba(0,0,0,0)","arrow_border_color":"rgba(0,0,0,0)","arrow_bg_color":"rgba(0,0,0,0)","position_slick_arrow":"2%","min_width_banner_button":"","bg_video":"#866965","bg_overlay_opacity":40,"video_height":"41.7%","auto_playvideo":true}},"1565256077424":{"type":"home-sub-banner","blocks":{"1565256077424-2":{"type":"image","settings":{"image":"shopify:\/\/shop_images\/Group_17746_2x_c905b804-0e3f-4207-b18a-3c0f0e50e272.png","sub_title":"10% off<br>on your first order","color_sub":"#645e59","title":"Emerald Cut Ring Collection","color_title":"#645e59","content":"<span class=\"code\">USE CODE<\/span>\n<h1>FORYOU10<\/h1>","color_content":"#aa7f58","link":"#"}}},"block_order":["1565256077424-2"],"settings":{"display_sub_banner":true,"margin_bottom_mb":52,"margin_bottom_tab":52,"margin_bottom":100,"color_border":"rgba(0,0,0,0)","display_padding":false}},"1565339682070":{"type":"home-brands","disabled":true,"blocks":{"1565339682070-0":{"type":"image","settings":{"image":"shopify:\/\/shop_images\/Mask_Group_7_2x_fa820440-21dc-4b90-ad48-2500839fefa9.png","title":"The Cabaret Collection","link":"shopify:\/\/collections\/all"}},"1568600781101":{"type":"image","settings":{"image":"shopify:\/\/shop_images\/Mask_Group_8_2x_b9e430a6-8bbe-420f-b6b9-de3a766443f4.png","title":"The Sublime Collection","link":"shopify:\/\/collections\/all"}},"1568600758839":{"type":"image","settings":{"image":"shopify:\/\/shop_images\/Mask_Group_9_2x_84590324-d065-4457-9939-4183f78e09a3.png","title":"The Phoenix Collection","link":"shopify:\/\/collections\/all"}}},"block_order":["1565339682070-0","1568600781101","1568600758839"],"settings":{"margin_bottom_mb":0,"margin_bottom_tab":0,"margin_bottom":0,"enbale_border":false,"border_top_color":"#eeeeee","brand_title":"Our Collections","brand_title_color":"#645e59","view_all":"VIEW ALL","view_all_color":"#34313a","link_view_all":"shopify:\/\/pages\/brands","sub_heading":"PICK YOUR PASSION","brand_rows":"3"}},"lookbook":{"type":"lookbook","blocks":{"1565606983741":{"type":"image","settings":{"dpl_slide_img":true,"image_slide":"","alignment":"right","sub_heading":"Luminor Panerai","sub_font_size_heading":"14px","color_sub_heading":"#fff","heading":"Loremou'r","font_size_heading":"50px","color_heading":"#fff","slide-des":"Quisque vestibulum risus vel lacus porttitor an blandit morbi ornare metus sedous mollis an milancelos de loremous.","font_size_des":"14px","color_des":"#fff","button_slide":"Shop The Collection","link":"","bg_button":"transparent","border_button":"#fff","color_button":"#fff","lb_product_1":"","top_position_1":"30","left_position_1":"50","dots_color_1":"#ffffff","dots_bg_color_1":"#323232","dots_shadow_color_1":"#fff","lb_product_2":"","top_position_2":"60","left_position_2":"20","dots_color_2":"#fff","dots_bg_color_2":"#323232","dots_shadow_color_2":"#fff","lb_product_3":"","top_position_3":"60","left_position_3":"80","dots_color_3":"#fff","dots_bg_color_3":"#323232","dots_shadow_color_3":"#fff"}},"1565607016356":{"type":"image","settings":{"dpl_slide_img":true,"image_slide":"","alignment":"left","sub_heading":"Luminor Panerai","sub_font_size_heading":"14px","color_sub_heading":"#fff","heading":"Loremou'r","font_size_heading":"50px","color_heading":"#fff","slide-des":"Quisque vestibulum risus vel lacus porttitor an blandit morbi ornare metus sedous mollis an milancelos de loremous.","font_size_des":"14px","color_des":"#fff","button_slide":"Shop The Collection","link":"","bg_button":"transparent","border_button":"#fff","color_button":"#fff","lb_product_1":"","top_position_1":"40","left_position_1":"30","dots_color_1":"#fff","dots_bg_color_1":"#323232","dots_shadow_color_1":"#fff","lb_product_2":"","top_position_2":"10","left_position_2":"10","dots_color_2":"#fff","dots_bg_color_2":"#323232","dots_shadow_color_2":"#fff","lb_product_3":"","top_position_3":"10","left_position_3":"10","dots_color_3":"#fff","dots_bg_color_3":"#323232","dots_shadow_color_3":"#fff"}},"1565607033643":{"type":"image","settings":{"dpl_slide_img":true,"image_slide":"","alignment":"right","sub_heading":"Luminor Panerai","sub_font_size_heading":"14px","color_sub_heading":"#fff","heading":"Loremou'r","font_size_heading":"50px","color_heading":"#fff","slide-des":"Quisque vestibulum risus vel lacus porttitor an blandit morbi ornare metus sedous mollis an milancelos de loremous.","font_size_des":"14px","color_des":"#fff","button_slide":"Shop The Collection","link":"","bg_button":"transparent","border_button":"#fff","color_button":"#fff","lb_product_1":"","top_position_1":"10","left_position_1":"10","dots_color_1":"#fff","dots_bg_color_1":"#323232","dots_shadow_color_1":"#fff","lb_product_2":"","top_position_2":"10","left_position_2":"10","dots_color_2":"#fff","dots_bg_color_2":"#323232","dots_shadow_color_2":"#fff","lb_product_3":"","top_position_3":"10","left_position_3":"10","dots_color_3":"#fff","dots_bg_color_3":"#323232","dots_shadow_color_3":"#fff"}}},"block_order":["1565606983741","1565607016356","1565607033643"],"settings":{"enable":true,"footer_social_enable":true,"social_color":"#646464","button":"Shop it.","link":"","autoplay":false,"speed":"5000","transition":"true","position_slick_arrow":"2%"}},"404-section":{"type":"404-section","settings":{"background":"","overlay_color":"#fff","overlay_opacity":"0.35","number_size":"200","subtitle":"Oops... the page you looking for clocked out!","subtitle_size":"16","text_color":"#232323","btn_bgc":"#232323","btn_txtc":"#fff","btn_bdc":"#232323","btn_bgc_h":"#fff","btn_txtc_h":"#232323","btn_bdc_h":"#232323","btn_link_1":"\/","btn_text_1":"Return to Store"}},"contact-template":{"type":"contact-template","settings":{"display_google_map":false,"google_map_code":"<iframe src=\"https:\/\/www.google.com\/maps\/embed?pb=!1m18!1m12!1m3!1d3919.2571762419357!2d106.70024671526036!3d10.791604361863126!2m3!1f0!2f0!3f0!3m2!1i1024!2i768!4f13.1!3m3!1m2!1s0x31752f3454709dd3%3A0xa4adeb3a6fe63461!2sIndochina+Park+Tower!5e0!3m2!1svi!2s!4v1565662325655!5m2!1svi!2s\" width=\"600\" height=\"450\" frameborder=\"0\" style=\"border:0\" allowfullscreen=\"\"><\/iframe>","contact_title":"Write to us","contact_text_desc":"Any special request or query please send us a message","contact_your_name":"First Name","contact_your_last_name":"Last Name","contact_phone_number":"Phone Number","contact_your_email":"Email Id","display_location":true,"title_location":"You can reach out to us","location_code":"<span class=\"top-head\">For any feedback or query<\/span><br>\n<a href=\"tel:2127514860\" class=\"about-data\">212 751 4860 <\/a><br><br>\n\n<span class=\"top-head\">Timings<\/span><br>\n<p class=\"about-text\">Mon-Fri 9AM to 6PM EST<\/p><br><br>\n\n\n<span class=\"top-head\">EMAIL<\/span><br>\n<a href=\"maito:info@diamondsmadeforyou.com\" class=\"about-data\">info@diamondsmadeforyou.com<\/a>"}},"sidebar-blog":{"type":"sidebar-blog","settings":{"display_sidebar_blog_page":true,"back_sidebar":"#fff","color_sidebar":"#34313a","back_sidebar_top":"#f5f5f5","show_sidebar":"left","sidebar_recent_art":false,"sidebar_blog_tags":true}},"blog-template":{"type":"blog-template","settings":{"blog_post":"10","blog_text_align":"center","blog_show_author":false,"blog_show_date":false}},"article-template":{"type":"article-template","settings":{"blog_show_author":false,"blog_show_date":false}},"list-collections-template":{"type":"list-collections-template","blocks":{"1565782191030":{"type":"collection","settings":{"image":"","collection":""}},"1566783387510":{"type":"collection","settings":{"image":"","collection":""}},"1566783429708":{"type":"collection","settings":{"image":"","collection":""}},"1566783797620":{"type":"collection","settings":{"image":"","collection":""}},"1566783850066":{"type":"collection","settings":{"image":"","collection":""}},"1566783939154":{"type":"collection","settings":{"image":"","collection":""}}},"block_order":["1565782191030","1566783387510","1566783429708","1566783797620","1566783850066","1566783939154"],"settings":{"list_collection_results_per_row":"3","list_collection_title_size":"18","style_categories":"style_little"}},"1565841624512":{"type":"home-featured-products","settings":{"enable_border":false,"color_border":"rgba(0,0,0,0)","featured_products_title":"Most Popular Products","color_title":"#645e59","sub_heading":"EXPLORE OUR MOST LOVED PRODUCTS","button_slide":"VIEW MORE  <img src=\"https:\/\/cdn.shopify.com\/s\/files\/1\/0312\/7689\/2298\/files\/Forward_Arrow.svg?244\">","link":"shopify:\/\/collections\/rings","show_slider_featured_collection":"rings","slider_featured_limit_all":10,"collection_results_per_row1":"3","margin_bottom_mb":52,"margin_bottom_tab":52,"margin_bottom":60}},"sidebar-filter":{"type":"sidebar-filter","blocks":{"1566270506725":{"type":"filter_text","settings":{"enable":true,"title":"Product Type","list_tags":"Earrings, Necklace, Pendant, Bangles-Bracelets, Necklace - Pendants, Rings"}},"1596481840058":{"type":"filter_text","settings":{"enable":true,"title":"Metal Color","list_tags":"Rose Gold, White Gold, Yellow Gold"}},"1596481888541":{"type":"filter_text","settings":{"enable":true,"title":"Metal Karat","list_tags":"10k, 14k, 18k"}},"1566271131327":{"type":"filter_text","settings":{"enable":true,"title":"Price","list_tags":"$501 to $1000, $1001 to $1500, $1501 to $2000, $2001 to $2500, $2501 and above,  Below $500"}},"1566271234173":{"type":"filter_text","settings":{"enable":false,"title":"Tags","list_tags":"Anniversary, Anniversary Rings, Bangles-Bracelets, Birthday, Bracelet, Bracelets-Bangles, Earrings, Engagement, For Engagement, For Friend, For Her, For Me, For Parent, For Significant Other, Gifts, Graduation, Graduation Anniversary, Holiday, Indulgence-Just Because, Jewelry, Necklace - Pendants, New, Phase 1, Phase 2, Promotion, promotion, Ring, Ring-Anniversary, Rings, Rings - Anniversary, Rings-Anniversery, Rings-Anniversery For Friend"}},"1566271291919":{"type":"filter_text","settings":{"enable":false,"title":"Collections","list_tags":"$501 to $1000, $1001 to $1500, $1501 to $2000, $2001 to $2500, $2501 and above, Anniversary, Below $500, Birthday, Bracelets & Bangles, Earrings, Engagement, For Friend, For Her, For Me, For Parent, For Significant Other, Gifts, Graduation, Holiday, Indulgence \/ Just Because\nJewelry, Necklaces & Pendants, Promotion, Rings, Rings - Anniversary"}},"1596187205022":{"type":"filter_text","settings":{"enable":true,"title":"Size","list_tags":"7"}},"1596201770671":{"type":"filter_text","settings":{"enable":true,"title":"Shop By Relation","list_tags":"For Her, For Me, For Friend, For Significant Other, For Parent"}},"1596201903671":{"type":"filter_text","settings":{"enable":true,"title":"Shop By Moments","list_tags":"Birthday, Holiday, Graduation, Promotion, Engagement, Anniversary, Indulgence-Just Because"}}},"block_order":["1566270506725","1596481840058","1596481888541","1566271131327","1566271234173","1566271291919","1596187205022","1596201770671","1596201903671"],"settings":{"display_sidebar":true,"back_sidebar":"#fff","color_sidebar":"#34313a","show_sidebar":"left","enable_categories":false,"back_sidebar_top":"#fafafa","title_categories":"Categories","style_categories":"style_little","link_list":"help","enable_product":false,"title_product":"Featured Products","collection":"","limit":"8","enable_img_1":false,"image_img_1":"","link_img_1":"shopify:\/\/collections\/lorem-et-dorus","enable_img_2":false,"image_img_2":"","link_img_2":"shopify:\/\/collections\/lynn-cosmopolis","enable_custom_block":false,"title_custom_block":"Custom Block","quote_custom_block":"Custom CMS block displayed at the left sidebar on the Catalog Page. Put your own content here: text, html, images, media... whatever you like. <br><br>\nThere are many similar sample content placeholders across the store. All editable from admin panel."}},"recently-viewed-products":{"type":"recently-viewed-products","settings":{"display_recently_viewed_products":false,"recently_viewed_products_title":"Recently Viewed Products","number_of_recently_viewed_products":"8"}},"collection-template":{"type":"collection-template","blocks":{"1597123843723":{"type":"tag_filters","settings":{"filter_name":"Metal color","filter_tags":"Rose Gold, White Gold, Yellow Gold"}},"1597123862341":{"type":"tag_filters","settings":{"filter_name":"Metal Karat","filter_tags":"10k, 14k, 18k"}},"1597123960589":{"type":"tag_filters","settings":{"filter_name":"Shop By Relation","filter_tags":"For Her, For Me, For Friend, For Significant Other, For Parent"}},"1597123984501":{"type":"tag_filters","settings":{"filter_name":"Shop By Moments","filter_tags":"Birthday, Holiday, Graduation, Promotion, Engagement, Anniversary, Indulgence-Just Because"}}},"block_order":["1597123843723","1597123862341","1597123960589","1597123984501"],"settings":{"show_product_vendor":false,"show_product_review":false,"show_sale_badge":true,"sale_badge_text":"Sale","show_soldout_badge":true,"soldout_badge_text":"Soldout","no_products_image":"","empty_collection_text":"We are sorry, no products match your filter selections. Please adjust them further.","pagination_type":"basic_pagination","pagination_limit":18,"show_filter_heading":false,"enable_sticky_sidebar":false,"sidebar_filter_heading":"Filter","mobile_sidebar_style":"from_side","enable_collection_sorting":true,"show_product_count":true,"enable_brand_filter":false,"enable_brand_filter_search":false,"brand_filter_heading":"Brand","enable_pt_filter":false,"enable_pt_filter_search":false,"pt_filter_heading":"Product Type","enable_price_filter":true,"price_filter_heading":"Price","price_ranges":"0-500,500-1000,1000-2000,2000-3000,3000-100000","price_range_slider":false,"enable_size_filter":true,"enable_size_filter_swatch":true,"size_filter_heading":"Size","enable_color_filter":false,"enable_color_filter_swatch":false,"color_filter_heading":"Color","enable_tag_filter":true,"enable_multilevel_filter":true}},"cart-template":{"type":"cart-template","settings":{"cart_notes":false}},"sidebar-section":{"type":"sidebar-section","blocks":{"1566785050143":{"type":"menu","settings":{"enable":true,"title":"categories","style_categories":"style_little","link_list":""}},"1566785105794":{"type":"product","settings":{"enable":true,"title":"Featured Products","collection":"","limit":"8"}},"1566785140752":{"type":"image","settings":{"enable":true,"image":"","link":""}},"1566785164710":{"type":"image","settings":{"enable":true,"image":"","link":""}},"1566785175917":{"type":"quote","settings":{"enable":true,"title":"Custom Block","quote":"Custom CMS block displayed at the left sidebar on the Catalog Page. Put your own content here: text, html, images, media... whatever you like. <br><br>\nThere are many similar sample content placeholders across the store. All editable from admin panel."}}},"block_order":["1566785050143","1566785105794","1566785140752","1566785164710","1566785175917"],"settings":{"display_sidebar":false,"back_sidebar":"#fff","color_sidebar":"#34313a","back_sidebar_top":"#f5f5f5","show_sidebar":"left"}},"product-template":{"type":"product-template","blocks":{"1568282107724":{"type":"image","settings":{"main_pr_look":"","image_1":"","image_2":"","image_3":"","image_4":"","image_5":"","image_6":"","image_7":"","image_8":"","image_9":"","image_10":""}}},"block_order":["1568282107724"],"settings":{"style_moreview":"left_vertical","enable_payment_button":false,"video_product":true,"video_product_icon":"#c1c1c1","show_sold_in":false,"item_prd":"3,5,6,7,8,10,12,15","item_prds":"sold in last","hours_prs":"10,15,16,17,18,20,25,35","item_hours":"hours","display_vendor":true,"text_vendor":"","display_availability":false,"text_availability":"Availability:","display_product_type":true,"text_product_type":"","display_text_zoom":false,"text_zoom_image":"","display_product_countdown":false,"text_countdown":"Limited-Time Offers, End in:","dpl_customers_view":false,"title_view":"customers are viewing this product","number_view":"243, 100, 59, 11, 14, 185, 193, 165, 50, 38, 99, 112, 46, 10, 125, 200, 250, 18","show_desc":"no-show","display_subtotal":false,"display_product_detail_tag":false,"display_product_detail_share":true,"display_trust_img":true,"show_tab":"vertical","display_product_detail_description":true,"product_description_title":"PRODUCT DESCRIPTION","display_product_reviews":false,"product_review_title":"Customer Reviews","display_shipping_returns":false,"shipping_returns_title":"","shipping_returns_content":"<div>\n                <h4>RETURNS POLICY<\/h4>\n<p>Lorem ipsum dolor sit amet, consectetur adipiscing elit. Morbi ut blandit risus. Donec mollis nec tellus et rutrum. Orci varius natoque penatibus et magnis dis parturient montes, nascetur ridiculus mus. Ut consequat quam a purus faucibus scelerisque. Mauris ac dui ante. Pellentesque congue porttitor tempus. Donec sodales dapibus urna sed dictum. Duis congue posuere libero, a aliquam est porta quis.<\/p>\n<p>\nDonec ullamcorper magna enim, vitae fermentum turpis elementum quis. Interdum et malesuada fames ac ante ipsum primis in faucibus. <\/p>\n<p>\nCurabitur vel sem mi. Proin in lobortis ipsum. Aliquam rutrum tempor ex ac rutrum. Maecenas nunc nulla, placerat at eleifend in, viverra etos sem. Nam sagittis lacus metus, dignissim blandit magna euismod eget. Suspendisse a nisl lacus. Phasellus eget augue tincidunt, sollicitudin lectus sed, convallis desto. Pellentesque vitae dui lacinia, venenatis erat sit amet, fringilla felis. Nullam maximus nisi nec mi facilisis.<\/p>\n<h4>SHIPPING<\/h4>\n<p>Lorem ipsum dolor sit amet, consectetur adipiscing elit. Morbi ut blandit risus. Donec mollis nec tellus et rutrum. Orci varius natoque penatibus et magnis dis parturient montes, nascetur ridiculus mus. Ut consequat quam a purus faucibus scelerisque. Mauris ac dui ante. Pellentesque congue porttitor tempus. Donec sodales dapibus urna sed dictum. Duis congue posuere libero, a aliquam est porta quis.<\/p>\n<p>\nDonec ullamcorper magna enim, vitae fermentum turpis elementum quis. Interdum et malesuada fames ac ante ipsum primis in faucibus. <\/p>\n<p>\nCurabitur vel sem mi. Proin in lobortis ipsum. Aliquam rutrum tempor ex ac rutrum. Maecenas nunc nulla, placerat at eleifend in, viverra etos sem. Nam sagittis lacus metus, dignissim blandit magna euismod eget. Suspendisse a nisl lacus. Phasellus eget augue tincidunt, sollicitudin lectus sed, convallis desto. Pellentesque vitae dui lacinia, venenatis erat sit amet, fringilla felis. Nullam maximus nisi nec mi facilisis.<\/p>\n            <\/div>","display_custom_tab":false,"custom_tab_title":"DIAMOND DETAILS","custom_tab_type":"specified","custom_tab_content":"","display_related_products":true,"related_products_title":"You May Also Like","number_of_related_products":"8","dpl_lookbook_description":false,"style_lookbook_description":"all_product","quote_title_1a":"Sample Image Gallery","quote_title":"Sample Block Quote","quote_des":"Nam tempus turpis at metus scelerisque placerat nulla deumantos solicitud felis. Pellentesque diam dolor, elementum etos lobortis des mollis ut risus. Sedcus faucibus an sullamcorper mattis drostique.","quote_title_2":"Sample Paragraph Text","quote_des_2":"Nam tempus turpis at metus scelerisque placerat nulla deumantos solicitud felis. Pellentesque diam dolor, elementum etos lobortis des mollis ut risus. Sedcus faucibus an sullamcorper mattis drostique des commodo pharetras loremos.Donec pretium egestas sapien et mollis. Quisque de imperdiet massa nec pretium faucibus. Sed sodales nisl eget eros hendrerit del vestibulum nisl rhoncus.","dpl_gallery_lookbook":false,"style_lookbook_gallery":"all_product","dpl_grouped_product":true,"grouped_title":"Frequently Bought Together","grouped_choose_options_text":"Please choose options for all selected products","choose_options":"Select Options","enable_bundle_discount":false,"bundle_discount_text":"Get a [discount]% discount buying these products together | Erhalten Sie einen Rabatt von [discount]%, wenn Sie diese Produkte zusammen kaufen"}},"shop-instagram":{"type":"shop-instagram","settings":{"show_instagram":true,"crop_image":true,"show_load_more":true,"instagram_load_text":"Load More...","display_instagram_button":true,"instagram_button_text":"Follow @Watchtica","instagram_button_link":"","accessToken":"21663084327.1677ed0.f06b2678ad844bd88c9b1a10194f433f","limit":"21"}},"about-us-slideshow":{"type":"about-us-slideshow","blocks":{"1567666185031":{"type":"content","settings":{"title":"","content":"","dpl_qoute":false,"profile_picture":"shopify:\/\/shop_images\/01.gif","qoute_heading":"","name":"","qoute_content":"","button_text":"VIEW DETAILS","button_link":"shopify:\/\/collections\/accessorius"}},"1567666247637":{"type":"content","settings":{"title":"","content":"","dpl_qoute":false,"profile_picture":"shopify:\/\/shop_images\/shutterstock_1419635903_2x_6146f92e-b1c0-459e-9529-18df81cd0007.png","qoute_heading":"","name":"","qoute_content":"","button_text":"VIEW DETAILS","button_link":""}},"1567668180405":{"type":"content","settings":{"title":"","content":"","dpl_qoute":false,"profile_picture":"shopify:\/\/shop_images\/01.gif","qoute_heading":"","name":"","qoute_content":"","button_text":"VIEW DETAILS","button_link":""}},"1593844427428":{"type":"content","settings":{"title":"","content":"","dpl_qoute":false,"profile_picture":"shopify:\/\/shop_images\/shutterstock_1419635903_2x_6146f92e-b1c0-459e-9529-18df81cd0007.png","qoute_heading":"","name":"","qoute_content":"","button_text":"VIEW DETAILS","button_link":""}},"1593844430148":{"type":"content","settings":{"title":"","content":"","dpl_qoute":true,"profile_picture":"shopify:\/\/shop_images\/01.gif","qoute_heading":"","name":"","qoute_content":"","button_text":"VIEW DETAILS","button_link":""}}},"block_order":["1567666185031","1567666247637","1567668180405","1593844427428","1593844430148"],"settings":{"autoplay":true,"slideshow_speed":"5000","background_image":"","text_color":"#fff","title_size":"40","button_bg_color":"rgba(0,0,0,0)","button_text_color":"#fff","button_bd_color":"#fff","button_bg_color_h":"#4f4c56","button_text_color_h":"#fff","button_bd_color_h":"#fff"}},"about-us-content":{"type":"about-us-content","settings":{"left_heading":"About Store","left_content":"Quisquemos sodales suscipit tortor ditaemcos condimentum de cosmo lacus meleifend menean diverra loremous. Nullam sit amet orci rutrum risus laoreet semper vel non magna. Mauris vel sem a lectus vehicula ultricies. Etiam semper sollicitudin lectus indous scelerisque. Curabitur vel tristique lacus. Nam risus mauris, accumsan et eleifend vitae, dignissim at eros. Vivamus pellentesque duiex a interdum.","left_heading2":"About Store","left_content2":"Quisquemos sodales suscipit tortor ditaemcos condimentum de cosmo lacus meleifend menean diverra loremous. Nullam sit amet orci rutrum risus laoreet semper vel non magna. Mauris vel sem a lectus vehicula ultricies. Etiam semper sollicitudin lectus indous scelerisque. Curabitur vel tristique lacus. Nam risus mauris, accumsan et eleifend vitae, dignissim at eros. Vivamus pellentesque duiex a interdum.","right_heading":"Contact Us","right_content":"Quisquemos sodales suscipit tortor ditaemcos condimentum de cosmo lacus meleifend menean diverra loremous. Nullam sit amet orci rutrum risus laoreet semper vel non magna. Mauris vel sem a lectus vehicula ultricies. Etiam semper sollicitudin lectus indous scelerisque. Curabitur vel tristique lacus. Nam risus mauris, accumsan et eleifend vitae, dignissim at eros. Vivamus pellentesque duiex a interdum.","right_heading2":"Contact Us","right_content2":"Quisquemos sodales suscipit tortor ditaemcos condimentum de cosmo lacus meleifend menean diverra loremous. Nullam sit amet orci rutrum risus laoreet semper vel non magna. Mauris vel sem a lectus vehicula ultricies. Etiam semper sollicitudin lectus indous scelerisque. Curabitur vel tristique lacus. Nam risus mauris, accumsan et eleifend vitae, dignissim at eros. Vivamus pellentesque duiex a interdum."}},"faq-page":{"type":"faq-page","blocks":{"1567669115198":{"type":"text","settings":{"question_faqs":"Are they like Cubic Zirconia?","answer_faqs":"No, not at all. A cubic zirconia is not a diamond. Cubic Zirconia what is called a diamond simulant—an\ninexpensive imitation. It simulates the appearance of a diamond but has none of the same optical or\nphysical properties. Made For You Lab-Grown Diamonds are as real as the diamonds made by Mother Nature, billions of years ago."}},"1567669167303":{"type":"text","settings":{"question_faqs":"How are they made?","answer_faqs":"Our scientists have discovered a way to replicate the same extreme high temperature and high-pressure\nconditions that existed long ago, deep within the Earth, when mined diamonds were formed. They start\nwith a tiny diamond “seed”, place it in a carbon-rich environment and then monitor and control the\nconditions while our diamonds are created. It’s a process we take painstaking care in to ensure every\ndiamond we make for you is as beautiful as can be."}},"1567669224796":{"type":"text","settings":{"question_faqs":"Do they look the same as mined diamonds?","answer_faqs":"Yes, Made For You Lab-Grown Diamonds look exactly the same as polished diamonds. Even the top\ngemological grading labs in the world cannot tell the difference without sophisticated equipment."}},"1567669272509":{"type":"text","settings":{"question_faqs":"Are they better than mined diamonds?","answer_faqs":"Well, it’s a matter of opinion. There’s a lot to like about Made For You Lab-Grown Diamonds. We all\nknow how important the environment is, and since we make every one of our diamonds, we don’t have\nto disturb or damage the landscape to dig them up. Also, in some parts of the world, diamonds have\nhistorically fueled violent conflict. Many people like the fact that they know Made For You Lab-Grown\nDiamonds don’t carry any such baggage and they know exactly where their diamond came from"}},"1567669290357":{"type":"text","settings":{"question_faqs":"Do they cost the same?","answer_faqs":"Great question! You might think that the technology necessary to recreate the conditions under which\ndiamonds are formed is hugely expensive (and you would be right!) But we’ve perfected our process and\nnow have it down to a science (literally), so we’re able to maximize efficiency. This means we’re able to\noffer jewelry made with higher quality Made For You Lab-Grown Diamonds at significantly lower prices\nthan jewelry made with mined diamonds."}},"1567669321796":{"type":"text","settings":{"question_faqs":"What quality are Made For You Lab-Grown Diamonds?","answer_faqs":"Every Made For You Lab-Grown Diamond is at least an I-J color and an I-1 clarity, although many of our\ndiamonds grade higher than that. These are higher quality diamonds than that found in many similarly\npriced jewelry collections using mined diamonds."}},"1567669345965":{"type":"text","settings":{"question_faqs":"Will they last forever?","answer_faqs":"Ofcourse! Our diamonds are forever and the jewelry we make for you may be enjoyed and passed down from generation to generation."}}},"block_order":["1567669115198","1567669167303","1567669224796","1567669272509","1567669290357","1567669321796","1567669345965"],"settings":{"des_faqs":"","contact_text":"","contact_link_text":"","contact_link":"","icon_faqs":"Question","bg_icon_qs":"#fafafa","color_icon_qs":"#fff","bg_question":"#fafafa","color_question":"#2e2924","font_size_qs":"24","bg_question_acitve":"#fafafa","color_question_acitve":"#2e2924","icon_answer":"Answer","bg_icon_answer":"rgba(0,0,0,0)","color_icon_answer":"rgba(0,0,0,0)","color_question_answer":"#2e2924","font_size_answer":"20","color_question_link":"#646464"}},"brands-page":{"type":"brands-page","blocks":{"1568174758544":{"type":"image","settings":{"image":"","title":"Benjamin Button","link":""}},"1568175412058":{"type":"image","settings":{"image":"","title":"Benjamin Button","link":""}},"1568175413599":{"type":"image","settings":{"image":"","title":"Benjamin Button","link":""}},"1568175415456":{"type":"image","settings":{"image":"","title":"Benjamin Button","link":""}},"1568175417221":{"type":"image","settings":{"image":"","title":"Benjamin Button","link":""}},"1568175418621":{"type":"image","settings":{"image":"","title":"Benjamin Button","link":""}}},"block_order":["1568174758544","1568175412058","1568175413599","1568175415456","1568175417221","1568175418621"],"settings":{"display_brand":true}},"password-section":{"type":"password-section","settings":{"brand_type":"image","brand_text":"","brand_text_color":"#34313a","logo_pc":"shopify:\/\/shop_images\/Logo-_1.png","max_height_logo_pc":"120px","logo_mb":"shopify:\/\/shop_images\/Logo-_1.png","max_height_logo_mb":"60px","access_lable":"Early Access Login","access_lable_color":"#080808","banner":"shopify:\/\/shop_images\/Blog_pic_1_2x_27baf169-3b04-41e2-a402-d49aeefa68f2.png","heading":"Our new store will be  opening soon","heading_size":"30","subtitle":"Stay connected for updates!","subtitle_size":"13","backbround_color":"#fff","text_color":"#34313a","display_newsletter":true,"success_message":"Thanks for contacting us. We'll get back to you as soon as possible","display_product_detail_share":true,"footer_address_code":""}},"1592985941438":{"type":"home-page-block-one-banner","settings":{"enable":true,"enable_border":false,"color_border":"#eeeeee","margin_bottom_mb":52,"margin_bottom_tab":52,"margin_bottom":122,"image":"shopify:\/\/shop_images\/MFY_ads_-_gifts_-_1280_x_654_-_2_wth_txt.jpg","image_slide_mb":"shopify:\/\/shop_images\/Home_page_main_banners_453x870_1_WB_wth_txt.jpg","sub_title":"","sub_title_color":"#34313a","title":"GIFTS MADE FOR YOU","title_color":"#34313a","banner_des":"Show your loved ones just how much you care by getting them a\nheartfelt gift from Made For You.","des_color":"#34313a","text_button":"View Collection","link_button":"shopify:\/\/collections\/gifts","text_button_color":"#ffffff","back_button":"#aa7f58","bor_color":"#aa7f58","color_title":"rgba(0,0,0,0)","color_title_hv":"rgba(0,0,0,0)"}},"1592986055736":{"type":"home-page-block-one-banner","settings":{"enable":false,"enable_border":false,"color_border":"#eeeeee","margin_bottom_mb":15,"margin_bottom_tab":30,"margin_bottom":100,"image":"shopify:\/\/shop_images\/Group_17758_2x_9c01d95d-1006-401b-acf9-876e42ae9c5a.png","image_slide_mb":"shopify:\/\/shop_images\/shutterstock_1419635903_2x_6146f92e-b1c0-459e-9529-18df81cd0007.png","sub_title":"CUSTOMIZED CREATIONS","sub_title_color":"#bb997a","title":"Diamonds Made By You","title_color":"#645e59","banner_des":"If you can’t find anything that you really love, why not create it? We give you the\nopportunity to choose everything from the diamond size to the setting to create\nunique pieces of jewellery that are truly one in a million!","des_color":"#645e59","text_button":"Learn More","link_button":"#","text_button_color":"#645e59","back_button":"rgba(0,0,0,0)","bor_color":"rgba(0,0,0,0)","color_title":"rgba(0,0,0,0)","color_title_hv":"rgba(0,0,0,0)"}},"1593063578187":{"type":"four-column-homepage","settings":{"title":"Discover","title_color":"#34313a","des":"Curious about lab-grown diamonds?","des_color":"#34313a","link_text":"Learn More","link_color":"#f7f7f7","link":"shopify:\/\/pages\/discover-lab-grown-diamond-jewelry","image_1":"shopify:\/\/shop_images\/MFY_-_Education_-_550x248_-_3_0cf1d618-a684-4f12-969c-03227078527d.jpg","link_1":"shopify:\/\/pages\/discover-lab-grown"}},"1593065329917":{"type":"four-last-homepage","blocks":{"1593065329917-0":{"type":"image","settings":{"dpl_slide_img":true,"image_slide":"shopify:\/\/shop_images\/MFY_-_Education_-_550x248_-_2_wth_txt_4432f638-4d33-4b07-bfd8-ae13d8936d6f.jpg","image_slide_mb":"shopify:\/\/shop_images\/Education_banner_for_homepage_192x372_WB_wth_txt.jpg","alignment":"left","sub_heading":"","sub_font_size_heading":"","sub_color_heading":"#ffffff","heading":"","font_size_heading":"","color_heading":"#fff","slide-des":"Lab-grown diamonds have the exact same chemical composition as natural diamonds.","font_size_des":"18px","color_des":"#000000","button_slide":"","link":"shopify:\/\/pages\/discover-lab-grown-diamond-jewelry","bg_button":"transparent","border_button":"#fff","color_button":"#fff"}}},"block_order":["1593065329917-0"],"settings":{"layout":"default","margin_bottom_mb":20,"margin_bottom_tab":20,"margin_bottom":0,"autoplay":true,"slideshow_speed":"5000","slideshow_transition":"true","dots":"true","dots_color":"#d8d4cf","dots_active_color":"#d8d4cf","dots_opacity":false,"arrow_color":"#34313a","arrow_border_color":"transparent","arrow_bg_color":"transparent","position_slick_arrow":"2%","min_width_banner_button":"","bg_video":"#866965","bg_overlay_opacity":40,"video_height":"41.7%","auto_playvideo":true,"image_2":"shopify:\/\/shop_images\/MFY_-_Education_-_550x248_-_4.jpg","link_2":"shopify:\/\/pages\/discover-lab-grown-diamond-jewelry"}},"1593067288086":{"type":"our-story-one-homepage","settings":{"title":"Our Story","title_color":"#34313a","des":"Our origin story and our background – find out everything you need to know about the brand you love.","des_color":"#645e59","link_text":"KNOW MORE","link_color":"#34313a","link":"shopify:\/\/pages\/about-us","image_1":"shopify:\/\/shop_images\/our_story_2_7863c329-3d15-4bad-bf4c-15522c544d50.jpg","image_slide_mb":"shopify:\/\/shop_images\/our_story_3mob_v.jpg","link_1":"shopify:\/\/pages\/about-us","image_2":"shopify:\/\/shop_images\/our_story_3.jpg","image_slide_mb2":"shopify:\/\/shop_images\/our_story_2_mob_v.jpg","link_2":"shopify:\/\/pages\/about-us"}},"1593081604515":{"type":"home-about-us","settings":{"display_border_top":false,"title":"Let’s get social","color_title":"#645e59","des":"<img src=\"https:\/\/cdn.shopify.com\/s\/files\/1\/0411\/6437\/4183\/files\/Instagram.svg?v=1593081766\"><br>\n@madeforyou<br>","color_des":"#34313a","margin_bottom":54}},"anouncement-currency":{"type":"anouncement-currency","settings":{"display_header_top":true,"top_message_text":"<span class=\"announcement-icon\"><img src=\"https:\/\/cdn.shopify.com\/s\/files\/1\/0411\/6437\/4183\/files\/Cart_icon.svg?v=1592980280\">Free Shipping<\/span>\n\n<span class=\"announcement-icon\"><img src=\"https:\/\/cdn.shopify.com\/s\/files\/1\/0411\/6437\/4183\/files\/Masterfully_Cut.png?v=1596184915\">Masterfully Cut<\/span>\n\n<span class=\"announcement-icon\"><img src=\"https:\/\/cdn.shopify.com\/s\/files\/1\/0411\/6437\/4183\/files\/No_mining_cart_icon.png?v=1593427754\">No Mining<\/span>","bg_header_top":"#4f4c56","text_header_top_color":"#fff","bg_header_bottom_color":"#37353c","header_bottom_color":"#fff","display_customer_service":true,"customer_service_text":"+1 234 567 8901","display_free_shipping":false,"free_shipping_text1":"Free Shipping On All Orders.","free_shipping_text2":"No Minimum Purchase","color_border_freeshipping":"#87868a"}},"header-logo":{"type":"header-logo","settings":{"brand_type":"image","brand_text":"","logo_text_color":"#fff","logo_text_color_mb":"#37353c","logo_text_size":"25px","logo_text_size_mb":"18px","logo_svg_color_mb":"#37353c","logo_svg_color":"#fff","logo_svg_size":"40px","logo_svg_size_mb":"30px","logo_pc":"shopify:\/\/shop_images\/Logo-_1.png","max_height_logo_pc":"160px"}},"1593417432660":{"type":"testimonial-slider","disabled":true,"blocks":{"1593417432660-0":{"type":"image","settings":{"des1":"I love how easy it is for me to find what I’m looking for. I can search for diamond jewelry based on the occasion or the moment I’m celebrating! The wide collection also means I can find pieces that match my style exactly. Absolutely super!","des_color1":"#645e59","title1":"MARISKA FERNANDEZ","title_color1":"#aa7f58","link_text1":"","link_color1":"#fff","link1":""}},"1593417756764":{"type":"image","settings":{"des1":"Finally we have brands for lab-grown diamonds in India. It’s the best choice for me as it’s within my budget and I feel I am contributing to the environment in some way. This is my small step towards sustainable development","des_color1":"#645e59","title1":"AMY JACKSON","title_color1":"#aa7f58","link_text1":"","link_color1":"#fff","link1":""}},"1593417785740":{"type":"image","settings":{"des1":"What I love the most about these diamonds is that that are completely sustainable and do not require any mining. The icing on top is the fact that I can get a bigger and better quality diamond within the same budget!","des_color1":"#645e59","title1":"EMMA STONE","title_color1":"#aa7f58","link_text1":"","link_color1":"#fff","link1":""}}},"block_order":["1593417432660-0","1593417756764","1593417785740"],"settings":{"margin_bottom_mb":0,"margin_bottom_tab":0,"margin_bottom":0,"enbale_border":false,"border_top_color":"#eeeeee","brand_title":"Testimonials","brand_title_color":"#645e59","view_all":"","view_all_color":"#34313a","link_view_all":"","sub_heading":"Spreading love","brand_rows":"3"}},"1593427063676":{"type":"advantages","disabled":true,"blocks":{"1593427209835":{"type":"image","settings":{"image":"shopify:\/\/shop_images\/No_Mining.png","title":"No Mining","link":""}},"1593427326938":{"type":"image","settings":{"image":"shopify:\/\/shop_images\/Sustainable.png","title":"Sustainable","link":""}},"1593427329987":{"type":"image","settings":{"image":"shopify:\/\/shop_images\/Conflict_Free.png","title":"Conflict Free","link":""}},"1593427334685":{"type":"image","settings":{"image":"shopify:\/\/shop_images\/Diamonds.png","title":"Diamonds<br>Made for You","link":""}},"1593427339169":{"type":"image","settings":{"image":"shopify:\/\/shop_images\/Diamond_Unique.png","title":"Each Diamond<br>is unique","link":""}},"1593427341828":{"type":"image","settings":{"image":"shopify:\/\/shop_images\/Masterfully_Cut.png","title":"Masterfully<br>cut","link":""}}},"block_order":["1593427209835","1593427326938","1593427329987","1593427334685","1593427339169","1593427341828"],"settings":{"layout":"default","margin_bottom_mb":50,"margin_bottom_tab":50,"margin_bottom":0,"display_brand_border":false,"brand_title":"Advantages","brand_des":"MADE FOR YOU ADVANTAGE","title_style":"style_1","brand_rows":"2"}},"about-us-banner":{"type":"about-us-banner","settings":{"image_picker":"shopify:\/\/shop_images\/About_us_pic_1_2x_3afbe29e-f465-44b0-9036-5551e7081fc4.png","title":"About Us","content":"In a world where trends last shorter than an instagram story, Made For You draws on\nthe rich tradition and legacy of parent company, Renaissance Global, which is more than 25 years old.<br><br>\nOver the last two and a half decades, Renaissance Global has consistently set\nindustry benchmarks and developed a wide range of luxury lifestyle products\nincluding licensed collections for some of the world’s leading brands such as\nHallmark and Disney."}},"key-values":{"type":"key-values","settings":{"left_heading":"3 Year Warranty","left_content":"Lorem ipsum dolor sit amet, consetetur sadipscing elitr, sed diam nonumy eirmod tempor invidunt ut labore et dolore","left_heading2":"Lifetime Upgradation","left_content2":"Lorem ipsum dolor sit amet, consetetur sadipscing elitr, sed diam nonumy eirmod tempor invidunt ut labore et dolore","left_heading3":"Free Shipping","left_content3":"Lorem ipsum dolor sit amet, consetetur sadipscing elitr, sed diam nonumy eirmod tempor invidunt ut labore et dolore","left_heading4":"Personalisation","left_content4":"Lorem ipsum dolor sit amet, consetetur sadipscing elitr, sed diam nonumy eirmod tempor invidunt ut labore et dolore"}},"grown-diamonds":{"type":"grown-diamonds","settings":{"image_picker":"shopify:\/\/shop_images\/Mask_Group_70.png","title":"What are Made For You Lab<br>Grown Diamonds?","content":"<ul>\n<li>Real diamonds created using the latest technology<\/li>\n<li>Physically, optically and chemically like diamonds mined from the Earth<\/li>\n<li>Reasonably priced for maximum value<\/li>\n<\/ul>"}},"home-page-block-one-banner":{"type":"home-page-block-one-banner","settings":{"enable":true,"enable_border":true,"color_border":"#eeeeee","margin_bottom_mb":15,"margin_bottom_tab":30,"margin_bottom":40,"image":"shopify:\/\/shop_images\/About_us_banner_3_2x_636641de-9a98-4fdd-b18b-922a094201d0.png","image_slide_mb":"shopify:\/\/shop_images\/About_us_banner_3_2x_636641de-9a98-4fdd-b18b-922a094201d0.png","sub_title":"","sub_title_color":"#34313a","title":"Respect For The Craft","title_color":"#404040","banner_des":"<ul>\n<li>Each Made For You Lab-Grown Diamond is a masterpiece of artistry and craftsmanship<\/li>\n<li>Highly-trained experts cut and polished each diamond to release its inner fire and brilliance <\/li>\n<li>Made For You Lab-Grown Diamonds are cut for maximum beauty.<\/li>\n<\/ul>","des_color":"#645e59","text_button":"","link_button":"","text_button_color":"#fff","back_button":"#34313a","bor_color":"#34313a","color_title":"#34313a","color_title_hv":"#eb2c3c"}},"home-brands":{"type":"home-brands","blocks":{"1593783849214":{"type":"image","settings":{"image":"shopify:\/\/shop_images\/01.gif","title":"VIEW DETAILS","link":""}},"1593783854174":{"type":"image","settings":{"image":"shopify:\/\/shop_images\/01.gif","title":"VIEW DETAILS","link":""}},"1593783857953":{"type":"image","settings":{"image":"shopify:\/\/shop_images\/01.gif","title":"VIEW DETAILS","link":""}},"1593783860697":{"type":"image","settings":{"image":"shopify:\/\/shop_images\/01.gif","title":"VIEW DETAILS","link":""}}},"block_order":["1593783849214","1593783854174","1593783857953","1593783860697"],"settings":{"margin_bottom_mb":0,"margin_bottom_tab":0,"margin_bottom":0,"enbale_border":false,"border_top_color":"#eeeeee","brand_title":"You May Also Like","brand_title_color":"#34313a","view_all":"","view_all_color":"#34313a","link_view_all":"","sub_heading":"","brand_rows":"6"}},"product-slideshow":{"type":"product-slideshow","blocks":{"1593845941461":{"type":"content","settings":{"image":"shopify:\/\/shop_images\/Mask_Group_6_2x_59156fd8-7880-440b-94f0-57d249ac0cf3.png","button_text":"VIEW DETAILS","button_link":""}},"1593845945220":{"type":"content","settings":{"image":"shopify:\/\/shop_images\/Mask_Group_7_2x_fa820440-21dc-4b90-ad48-2500839fefa9.png","button_text":"VIEW DETAILS","button_link":""}},"1593845948206":{"type":"content","settings":{"image":"shopify:\/\/shop_images\/Mask_Group_8_2x_b9e430a6-8bbe-420f-b6b9-de3a766443f4.png","button_text":"VIEW DETAILS","button_link":""}},"1593845950405":{"type":"content","settings":{"image":"shopify:\/\/shop_images\/Mask_Group_9_2x_84590324-d065-4457-9939-4183f78e09a3.png","button_text":"VIEW DETAILS","button_link":""}}},"block_order":["1593845941461","1593845945220","1593845948206","1593845950405"],"settings":{"title":"You May Also Like"}},"eduction-banner":{"type":"eduction-banner","settings":{"enable":true,"enable_border":false,"color_border":"#eeeeee","margin_bottom_mb":30,"margin_bottom_tab":30,"margin_bottom":64,"image":"shopify:\/\/shop_images\/Education_page_banner_1121x350_2x_035bc0dc-2aba-445c-a294-ac256ab29b1a.png","image_slide_mb":"shopify:\/\/shop_images\/Education_page_banner_1121x350_cd9402d9-3239-4d33-a884-34c284afe912.png","sub_title":"","sub_title_color":"#34313a","title":"What Are Lab-Grown Diamonds? Are They Real?","title_color":"#645e59","banner_des":"","des_color":"#34313a","text_button":"","link_button":"","text_button_color":"#fff","back_button":"#34313a","bor_color":"#34313a","color_title":"#34313a","color_title_hv":"#eb2c3c"}},"education-text":{"type":"education-text","settings":{"banner_des":"To put it very simply, a lab-grown diamond is a diamond that is grown in a laboratory. Many people wonder whether something that is grown in a lab can be considered a real diamond.<br><br>\n The short answer is, yes! <b>Lab-grown diamonds are real diamonds.<\/b> In fact, they have the same chemical and physical composition as mined diamonds. But, we totally get that you need more than just our word. To help you understand why lab-grown diamonds are the real deal, let’s take a look at how they are created.","des_color":"#34313a"}},"videos":{"type":"videos","settings":{"spotlight_block_title":"What makes our diamonds one of kind & special","spotlight_block_des":"Watch our short film to know","image":"shopify:\/\/shop_images\/Education_pic_1_2x_1b2ebe4e-5887-44c1-9b3c-d764d5679328.png","video_link3":"_9VUPq3SxOc"}},"diamond-types":{"type":"diamond-types","settings":{"image":"shopify:\/\/shop_images\/Education_page_pic_1_757x632_2x_75f82316-d88c-4558-971c-a1b36f7297c3.png","title":"Are Lab-Grown Diamonds for Me?","banner_des":"Diamonds have always been regarded as a symbol of everlasting love and affection. Over the years, they’ve become everybody’s best friend and their demand has increased. But there have also been several concerns regarding the way diamonds are mined and the impact it has on us and the environment. For the conscious consumer, lab-grown diamonds are a fabulous alternative. These engineered diamonds are 100% real and are lighter on your wallet and your conscience. If you’re wondering what makes lab-grown diamonds the right choice for you, let’s take a look at a few facts.","image2":"shopify:\/\/shop_images\/Mask_Group_7_2x_fa820440-21dc-4b90-ad48-2500839fefa9.png","title2":"How Can I Be Sure of the Quality of My Lab-Grown Diamond?","banner_des2":"When you decide to purchase a diamond, it’s generally to mark an important milestone in your life. You may have just earned your first salary, or you might even be picking out a diamond ring for your engagement. Whatever the reason, the purchase of a diamond can be an emotional affair. And while it is easy to get caught up in the moment, it’s vital that you ensure that the diamond you get is the diamond you’ve paid for. But, without the requisite knowledge or technical knowhow, how do you know if the diamond you’ve been given is actually the right weight, cut or clarity that you’ve asked for?","image3":"shopify:\/\/shop_images\/Mask_Group_8_2x_b9e430a6-8bbe-420f-b6b9-de3a766443f4.png","title3":"Lab-Grown Diamonds – The Science Behind the Process","banner_des3":"Scientists have tried replicating the natural diamond process for several years now. Even though experiments started as early as 1893, the lab-grown processes used today were first formulated around 1954. After years of perfecting the process, lab-grown diamonds can now easily be created in one of two ways. Based on the process used, lab-grown diamonds can be of two types – High Pressure High Temperature (HPHT) or Chemical Vapour Deposition (CVD).","image4":"shopify:\/\/shop_images\/Education_page_pic_4_2x_d58b27f0-841a-4405-af5b-e65a124933e5.png","title4":"Looking After Diamond Jewellery","banner_des4":"Diamonds are known for their gorgeous sparkle and beautiful shine. But in order to keep your jewellery looking as good as new, it’s important that you take the time to clean your diamond jewellery regularly. If you’re wondering how to keep your lab-grown diamonds bright and shiny, here’s everything you need to know about cleaning and storing your diamond jewellery.","image5":"shopify:\/\/shop_images\/Article_page_pic_2_441x624_2x_979c815c-92a8-4aef-9a4f-f91df54be741.png","title5":"The Four Cs of a Diamond","banner_des5":"Every diamond, whether lab-grown or mined, is classified using 4 Cs – cut, carat, colour and clarity. We may have all heard these terms before, but let’s take a minute to understand what they mean and how they affect the quality of our diamonds.","image6":"shopify:\/\/shop_images\/Article_page_pic_1_977x486_d0eaa93e-514f-48e2-8ffe-fa7a9a80d1b3.png","title6":"Understanding What’s Real and What’s Fake","banner_des6":"Diamonds are known for their gorgeous sparkle and beautiful shine. But in order to keep your jewellery looking as good as new, it’s important that you take the time to clean your diamond jewellery regularly. If you’re wondering how to keep your lab-grown diamonds bright and shiny, here’s everything you need to know about cleaning and storing your diamond jewellery.","image7":"shopify:\/\/shop_images\/Article_page_pic_4_441x550_ad61d825-96ac-4ce3-b559-7ab899f16ea1.png","title7":"Understanding What’s Real and What’s Fake","banner_des7":"Diamonds are known for their gorgeous sparkle and beautiful shine. But in order to keep your jewellery looking as good as new, it’s important that you take the time to clean your diamond jewellery regularly. If you’re wondering how to keep your lab-grown diamonds bright and shiny, here’s everything you need to know about cleaning and storing your diamond jewellery."}}},"content_for_index":["1565229846311","1565256077424","1565841624512","1593063578187","1593065329917","1565339682070","1592985941438","1592986055736","1593067288086","1593427063676","1593417432660","1593081604515"]}}