{"current":{"colors_solid_button_labels":"#ffffff","colors_accent_1":"#2a3134","colors_accent_2":"#334fb4","colors_text":"#3a3a3a","colors_outline_button_labels":"#3a3a3a","colors_background_1":"#ffffff","colors_background_2":"#f3f3f3","type_header_font":"garamond_n4","type_body_font":"work_sans_n3","page_width":"1280","social_facebook_link":"https:\/\/www.facebook.com\/DiamondsMadeForYou\/","social_instagram_link":"https:\/\/www.instagram.com\/diamondsmadeforyou\/","checkout_logo_size":"small","checkout_accent_color":"#000000","checkout_button_color":"#000000","sections":{"announcement-bar":{"type":"announcement-bar","blocks":{"announcement-bar-0":{"type":"announcement","settings":{"text":"Welcome to our store","color_scheme":"background-1","link":""}}},"block_order":["announcement-bar-0"],"settings":{}},"header":{"type":"header","settings":{"color_scheme":"background-1","logo_width":100,"logo_position":"top-center","menu":"new-menu","show_line_separator":true,"enable_sticky_header":true}},"footer":{"type":"footer","blocks":{"footer-0":{"type":"link_list","settings":{"heading":"Quick links","menu":"footer"}},"footer-1":{"type":"text","settings":{"heading":"Heading","subtext":"<p>Share store details, promotions, or brand content with your customers.<\/p>"}}},"block_order":["footer-0","footer-1"],"settings":{"color_scheme":"background-1","newsletter_enable":true,"newsletter_heading":"Subscribe to our emails","show_social":true,"enable_country_selector":false,"enable_language_selector":false,"payment_enable":true}}},"content_for_index":[]},"presets":{"Default":{"colors_solid_button_labels":"#FFFFFF","colors_accent_1":"#121212","colors_accent_2":"#334FB4","colors_text":"#121212","colors_outline_button_labels":"#121212","colors_background_1":"#FFFFFF","colors_background_2":"#F3F3F3","type_header_font":"assistant_n4","type_body_font":"assistant_n4","sections":{"announcement-bar":{"type":"announcement-bar","blocks":{"announcement-bar-0":{"type":"announcement","settings":{"color_scheme":"background-1"}}},"block_order":["announcement-bar-0"],"settings":{}}}},"Craft":{"colors_solid_button_labels":"#EFECEC","colors_accent_1":"#2A332F","colors_accent_2":"#476154","colors_text":"#1C1A1A","colors_outline_button_labels":"#7B8382","colors_background_1":"#EFECEC","colors_background_2":"#C1BCAE","type_header_font":"americana_n4","type_body_font":"quattrocento_sans_n4","sections":{"footer":{"type":"footer","blocks":{"menu":{"type":"link_list","settings":{}},"text":{"type":"text","settings":{}}},"block_order":["menu","text"],"settings":{"color_scheme":"accent-1"}}}}}}